"otu","Size","kingdom","phylum","class","order","family","genus"
"Otu00001",1836290,"Bacteria","Proteobacteria","Gammaproteobacteria","Enterobacterales","Enterobacteriaceae","Escherichia-Shigella"
"Otu00002",946149,"Bacteria","Bacteroidota","Bacteroidia","Chitinophagales","Chitinophagaceae","Chitinophagaceae_unclassified"
"Otu00004",218135,"Bacteria","Bacteroidota","Bacteroidia","Flavobacteriales","Weeksellaceae","Weeksellaceae_unclassified"
"Otu00005",182717,"Bacteria","Proteobacteria","Gammaproteobacteria","Burkholderiales","Comamonadaceae","Comamonadaceae_unclassified"
"Otu00006",87686,"Bacteria","Fusobacteriota","Fusobacteriia","Fusobacteriales","Fusobacteriaceae","Cetobacterium"
"Otu00007",48246,"Bacteria","Firmicutes","Clostridia","Clostridiales","Clostridiaceae","Clostridiaceae_unclassified"
"Otu00008",41025,"Bacteria","Firmicutes","Clostridia","Peptostreptococcales-Tissierellales","Peptostreptococcaceae","Romboutsia"
"Otu00009",22321,"Bacteria","Firmicutes","Clostridia","Clostridiales","Clostridiaceae","Clostridium_sensu_stricto_1"
"Otu00011",19964,"Bacteria","Firmicutes","Clostridia","Clostridiales","Clostridiaceae","Clostridiaceae_unclassified"
"Otu00012",18759,"Bacteria","Proteobacteria","Alphaproteobacteria","Rhodospirillales","Magnetospirillaceae","Magnetospirillaceae_unclassified"
"Otu00014",11616,"Bacteria","Firmicutes","Clostridia","Clostridiales","Clostridiaceae","Clostridium_sensu_stricto_1"
"Otu00016",11383,"Bacteria","Bacteroidota","Bacteroidia","Bacteroidales","Rikenellaceae","Rikenellaceae_unclassified"
"Otu00017",10329,"Bacteria","Firmicutes","Clostridia","Peptostreptococcales-Tissierellales","Peptostreptococcaceae","Peptostreptococcaceae_unclassified"
"Otu00018",9382,"Bacteria","Verrucomicrobiota","Lentisphaeria","Victivallales","Victivallales_unclassified","Victivallales_unclassified"
"Otu00019",9223,"Bacteria","Actinobacteriota","Coriobacteriia","Coriobacteriales","Eggerthellaceae","Eggerthella"
"Otu00020",9133,"Bacteria","Bacteroidota","Bacteroidia","Bacteroidales","Bacteroidaceae","Bacteroides"
"Otu00021",9129,"Bacteria","Firmicutes","Negativicutes","Veillonellales-Selenomonadales","Selenomonadaceae","Zymophilus"
"Otu00023",8385,"Bacteria","Bacteroidota","Bacteroidia","Bacteroidales","Bacteroidales_unclassified","Bacteroidales_unclassified"
"Otu00025",7301,"Bacteria","Firmicutes","Clostridia","Clostridiales","Clostridiaceae","Clostridiaceae_unclassified"
"Otu00027",7091,"Bacteria","Firmicutes","Clostridia","Clostridiales","Clostridiaceae","Clostridium_sensu_stricto_1"
"Otu00029",6600,"Bacteria","Firmicutes","Bacilli","Erysipelotrichales","Erysipelotrichaceae","Erysipelotrichaceae_unclassified"
"Otu00030",6573,"Bacteria","Bacteroidota","Bacteroidia","Bacteroidales","Marinifilaceae","Odoribacter"
"Otu00031",6370,"Bacteria","Proteobacteria","Gammaproteobacteria","Enterobacterales","Aeromonadaceae","Aeromonas"
"Otu00032",6297,"Bacteria","Bacteroidota","Bacteroidia","Bacteroidales","M2PB4-65_termite_group","M2PB4-65_termite_group_ge"
"Otu00033",6007,"Bacteria","Proteobacteria","Gammaproteobacteria","Burkholderiales","Chromobacteriaceae","Vogesella"
"Otu00034",5684,"Bacteria","Firmicutes","Clostridia","Christensenellales","Christensenellaceae","Christensenellaceae_R-7_group"
"Otu00035",5648,"Bacteria","Proteobacteria","Gammaproteobacteria","Enterobacterales","Yersiniaceae","Yersinia"
"Otu00036",5149,"Bacteria","Desulfobacterota","Desulfovibrionia","Desulfovibrionales","Desulfovibrionaceae","Bilophila"
"Otu00037",4340,"Bacteria","Firmicutes","Clostridia","Lachnospirales","Lachnospiraceae","Lachnospiraceae_unclassified"
"Otu00038",3832,"Bacteria","Firmicutes","Clostridia","Clostridiales","Clostridiaceae","Clostridiaceae_unclassified"
"Otu00040",3618,"Bacteria","Firmicutes","Clostridia","Clostridiales","Clostridiaceae","Clostridiaceae_unclassified"
"Otu00041",3523,"Bacteria","Firmicutes","Clostridia","Lachnospirales","Lachnospiraceae","Lachnospiraceae_unclassified"
"Otu00042",3312,"Bacteria","Synergistota","Synergistia","Synergistales","Synergistaceae","Synergistaceae_unclassified"
"Otu00043",3276,"Bacteria","Bacteroidota","Bacteroidia","Bacteroidales","Rikenellaceae","Rikenellaceae_unclassified"
"Otu00044",3223,"Bacteria","Patescibacteria","Gracilibacteria","Gracilibacteria_or","Gracilibacteria_fa","Gracilibacteria_ge"
"Otu00045",3201,"Bacteria","Firmicutes","Clostridia","Lachnospirales","Lachnospiraceae","Lachnospiraceae_unclassified"
"Otu00046",3193,"Bacteria","Firmicutes","Clostridia","Lachnospirales","Lachnospiraceae","Lachnoclostridium"
"Otu00047",3018,"Bacteria","Firmicutes","Clostridia","Clostridiales","Clostridiaceae","Clostridiaceae_unclassified"
"Otu00048",2995,"Bacteria","Actinobacteriota","Actinobacteria","Propionibacteriales","Propionibacteriaceae","Cutibacterium"
"Otu00049",2968,"Bacteria","Firmicutes","Clostridia","Clostridiales","Clostridiaceae","Clostridiaceae_unclassified"
"Otu00050",2960,"Bacteria","Proteobacteria","Gammaproteobacteria","Burkholderiales","Oxalobacteraceae","Massilia"
"Otu00051",2806,"Bacteria","Firmicutes","Clostridia","Oscillospirales","Ruminococcaceae","Ruminococcaceae_unclassified"
"Otu00053",2676,"Bacteria","Bacteroidota","Bacteroidia","Bacteroidales","Tannerellaceae","Tannerellaceae_unclassified"
"Otu00055",2633,"Bacteria","Proteobacteria","Gammaproteobacteria","Gammaproteobacteria_unclassified","Gammaproteobacteria_unclassified","Gammaproteobacteria_unclassified"
"Otu00056",2561,"Bacteria","Desulfobacterota","Desulfovibrionia","Desulfovibrionales","Desulfovibrionaceae","Desulfovibrionaceae_unclassified"
"Otu00057",2486,"Bacteria","Firmicutes","Clostridia","Oscillospirales","Oscillospiraceae","Oscillospiraceae_unclassified"
"Otu00058",2460,"Bacteria","Firmicutes","Clostridia","Lachnospirales","Lachnospiraceae","Lachnospiraceae_unclassified"
"Otu00059",2452,"Bacteria","Firmicutes","Clostridia","Oscillospirales","Ruminococcaceae","Incertae_Sedis"
"Otu00061",2363,"Bacteria","Firmicutes","Clostridia","Lachnospirales","Lachnospiraceae","Lachnoclostridium"
"Otu00062",2334,"Bacteria","Firmicutes","Bacilli","Erysipelotrichales","Erysipelotrichaceae","Erysipelotrichaceae_unclassified"
"Otu00063",2296,"Bacteria","Firmicutes","Clostridia","Lachnospirales","Lachnospiraceae","Lachnospiraceae_unclassified"
"Otu00064",2294,"Bacteria","Bacteroidota","Bacteroidia","Cytophagales","Spirosomaceae","Pseudarcicella"
"Otu00065",2240,"Bacteria","Proteobacteria","Gammaproteobacteria","Burkholderiales","Comamonadaceae","Comamonadaceae_unclassified"
"Otu00066",2219,"Bacteria","Actinobacteriota","Coriobacteriia","Coriobacteriales","Coriobacteriales_Incertae_Sedis","Raoultibacter"
"Otu00068",2160,"Bacteria","Firmicutes","Clostridia","Peptostreptococcales-Tissierellales","Peptostreptococcaceae","Peptostreptococcaceae_unclassified"
"Otu00069",2123,"Bacteria","Bacteroidota","Bacteroidia","Bacteroidales","Rikenellaceae","Alistipes"
"Otu00070",2063,"Bacteria","Firmicutes","Clostridia","Lachnospirales","Lachnospiraceae","Lachnospiraceae_unclassified"
"Otu00071",2010,"Bacteria","Bacteroidota","Bacteroidia","Bacteroidales","Tannerellaceae","Parabacteroides"
"Otu00072",1995,"Bacteria","Proteobacteria","Gammaproteobacteria","Xanthomonadales","Xanthomonadaceae","Stenotrophomonas"
"Otu00073",1964,"Bacteria","Firmicutes","Clostridia","Oscillospirales","Oscillospiraceae","Oscillospiraceae_unclassified"
"Otu00074",1927,"Bacteria","Actinobacteriota","Actinobacteria","Corynebacteriales","Corynebacteriaceae","Corynebacterium"
"Otu00075",1896,"Bacteria","Bacteroidota","Bacteroidia","Bacteroidales","Tannerellaceae","Tannerellaceae_unclassified"
"Otu00076",1765,"Bacteria","Firmicutes","Clostridia","Oscillospirales","Ruminococcaceae","Angelakisella"
"Otu00077",1760,"Bacteria","Bacteroidota","Bacteroidia","Bacteroidales","Tannerellaceae","Parabacteroides"
"Otu00078",1618,"Bacteria","Firmicutes","Clostridia","Eubacteriales","Eubacteriaceae","Eubacteriaceae_unclassified"
"Otu00079",1615,"Bacteria","Proteobacteria","Gammaproteobacteria","Burkholderiales","Burkholderiales_unclassified","Burkholderiales_unclassified"
"Otu00080",1542,"Bacteria","Firmicutes","Clostridia","Oscillospirales","Oscillospiraceae","uncultured"
"Otu00081",1526,"Bacteria","Firmicutes","Clostridia","Oscillospirales","Ruminococcaceae","Ruminococcaceae_unclassified"
"Otu00082",1450,"Bacteria","Bacteroidota","Bacteroidia","Flavobacteriales","Weeksellaceae","Cloacibacterium"
"Otu00083",1447,"Bacteria","Firmicutes","Clostridia","Oscillospirales","Ruminococcaceae","Paludicola"
"Otu00084",1423,"Bacteria","Firmicutes","Clostridia","Oscillospirales","Oscillospirales_fa","Oscillospirales_ge"
"Otu00085",1416,"Bacteria","Firmicutes","Bacilli","Erysipelotrichales","Erysipelotrichaceae","Erysipelotrichaceae_unclassified"
"Otu00088",1406,"Bacteria","Firmicutes","Bacilli","Erysipelotrichales","Erysipelotrichaceae","Erysipelotrichaceae_unclassified"
"Otu00089",1399,"Bacteria","Bacteroidota","Bacteroidia","Bacteroidales","Bacteroidaceae","Bacteroides"
"Otu00091",1355,"Bacteria","Firmicutes","Clostridia","Peptostreptococcales-Tissierellales","Anaerovoracaceae","Anaerovoracaceae_unclassified"
"Otu00092",1340,"Bacteria","Firmicutes","Clostridia","Lachnospirales","Lachnospiraceae","Epulopiscium"
"Otu00094",1276,"Bacteria","Firmicutes","Clostridia","Lachnospirales","Lachnospiraceae","Lachnospiraceae_unclassified"
"Otu00095",1268,"Bacteria","Firmicutes","Clostridia","Lachnospirales","Lachnospiraceae","Epulopiscium"
"Otu00096",1258,"Bacteria","Proteobacteria","Gammaproteobacteria","Burkholderiales","Comamonadaceae","Tepidimonas"
"Otu00097",1258,"Bacteria","Firmicutes","Clostridia","Lachnospirales","Lachnospiraceae","Lachnospiraceae_unclassified"
"Otu00098",1243,"Bacteria","Firmicutes","Clostridia","Lachnospirales","Lachnospiraceae","Lachnospiraceae_unclassified"
"Otu00100",1200,"Bacteria","Verrucomicrobiota","Verrucomicrobiae","Verrucomicrobiales","Akkermansiaceae","Akkermansia"
"Otu00101",1198,"Bacteria","Firmicutes","Bacilli","Erysipelotrichales","Erysipelotrichaceae","Dielma"
"Otu00102",1166,"Bacteria","Firmicutes","Clostridia","Clostridiales","Clostridiaceae","Clostridiaceae_unclassified"
"Otu00103",1161,"Bacteria","Bacteroidota","Bacteroidia","Bacteroidales","Rikenellaceae","Rikenellaceae_unclassified"
"Otu00104",1153,"Bacteria","Bacteroidota","Bacteroidia","Bacteroidales","Rikenellaceae","Rikenella"
"Otu00105",1153,"Bacteria","Firmicutes","Clostridia","Peptostreptococcales-Tissierellales","Anaerovoracaceae","Anaerovoracaceae_unclassified"
"Otu00106",1135,"Bacteria","Proteobacteria","Gammaproteobacteria","Enterobacterales","Enterobacteriaceae","Enterobacteriaceae_unclassified"
"Otu00107",1118,"Bacteria","Firmicutes","Bacilli","Erysipelotrichales","Erysipelotrichaceae","Erysipelotrichaceae_unclassified"
"Otu00108",1117,"Bacteria","Firmicutes","Clostridia","Clostridia_unclassified","Clostridia_unclassified","Clostridia_unclassified"
"Otu00109",1109,"Bacteria","Firmicutes","Clostridia","Clostridiales","Clostridiaceae","Clostridium_sensu_stricto_1"
"Otu00110",1089,"Bacteria","Firmicutes","Firmicutes_unclassified","Firmicutes_unclassified","Firmicutes_unclassified","Firmicutes_unclassified"
"Otu00111",1071,"Bacteria","Firmicutes","Clostridia","Oscillospirales","Oscillospiraceae","Intestinimonas"
"Otu00112",1042,"Bacteria","Firmicutes","Clostridia","Lachnospirales","Lachnospiraceae","Epulopiscium"
"Otu00113",1031,"Bacteria","Firmicutes","Clostridia","Clostridiales","Clostridiaceae","Clostridiaceae_unclassified"
"Otu00114",1020,"Bacteria","Proteobacteria","Alphaproteobacteria","Caulobacterales","Caulobacteraceae","Brevundimonas"
"Otu00115",957,"Bacteria","Firmicutes","Bacilli","Erysipelotrichales","Erysipelatoclostridiaceae","Erysipelatoclostridium"
"Otu00116",957,"Bacteria","Proteobacteria","Gammaproteobacteria","Burkholderiales","Comamonadaceae","Comamonadaceae_unclassified"
"Otu00118",923,"Bacteria","Firmicutes","Bacilli","Erysipelotrichales","Erysipelotrichaceae","Faecalitalea"
"Otu00119",905,"Bacteria","Firmicutes","Clostridia","Peptostreptococcales-Tissierellales","Sedimentibacteraceae","Sedimentibacter"
"Otu00120",859,"Bacteria","Actinobacteriota","Coriobacteriia","Coriobacteriales","Coriobacteriales_unclassified","Coriobacteriales_unclassified"
"Otu00121",849,"Bacteria","Firmicutes","Clostridia","Oscillospirales","Ruminococcaceae","Paludicola"
"Otu00122",848,"Bacteria","Firmicutes","Clostridia","Clostridiales","Clostridiaceae","Clostridiaceae_unclassified"
"Otu00125",809,"Bacteria","Firmicutes","Clostridia","Lachnospirales","Lachnospiraceae","Lachnospiraceae_unclassified"
"Otu00126",807,"Bacteria","Proteobacteria","Gammaproteobacteria","Burkholderiales","Comamonadaceae","Comamonadaceae_unclassified"
"Otu00127",807,"Bacteria","Firmicutes","Clostridia","Clostridiales","Clostridiaceae","Clostridiaceae_unclassified"
"Otu00128",805,"Bacteria","Firmicutes","Clostridia","Oscillospirales","Ruminococcaceae","Anaerotruncus"
"Otu00129",803,"Bacteria","Actinobacteriota","Actinobacteria","Corynebacteriales","Corynebacteriaceae","Corynebacterium"
"Otu00130",789,"Bacteria","Firmicutes","Clostridia","Lachnospirales","Lachnospiraceae","Lachnospiraceae_unclassified"
"Otu00131",784,"Bacteria","Fusobacteriota","Fusobacteriia","Fusobacteriales","Fusobacteriaceae","Fusobacteriaceae_unclassified"
"Otu00134",781,"Bacteria","Firmicutes","Clostridia","Oscillospirales","Oscillospiraceae","Oscillospiraceae_unclassified"
"Otu00135",766,"Bacteria","Firmicutes","Clostridia","Clostridiales","Clostridiaceae","Clostridium_sensu_stricto_1"
"Otu00136",766,"Bacteria","Firmicutes","Clostridia","Lachnospirales","Lachnospiraceae","Lachnospiraceae_unclassified"
"Otu00137",765,"Bacteria","Deferribacterota","Deferribacteres","Deferribacterales","Deferribacteraceae","Mucispirillum"
"Otu00138",764,"Bacteria","Bacteroidota","Bacteroidia","Bacteroidales","Bacteroidaceae","Bacteroides"
"Otu00139",762,"Bacteria","Proteobacteria","Gammaproteobacteria","Burkholderiales","Aquaspirillaceae","Laribacter"
"Otu00140",757,"Bacteria","Fusobacteriota","Fusobacteriia","Fusobacteriales","Fusobacteriaceae","Cetobacterium"
"Otu00141",753,"Bacteria","Bacteroidota","Bacteroidia","Bacteroidia_unclassified","Bacteroidia_unclassified","Bacteroidia_unclassified"
"Otu00142",751,"Bacteria","Bacteroidota","Bacteroidia","Bacteroidales","Tannerellaceae","Tannerellaceae_ge"
"Otu00143",750,"Bacteria","Bacteroidota","Bacteroidia","Bacteroidales","Bacteroidaceae","Bacteroides"
"Otu00144",746,"Bacteria","Firmicutes","Clostridia","Oscillospirales","Butyricicoccaceae","Butyricicoccaceae_unclassified"
"Otu00145",736,"Bacteria","Firmicutes","Clostridia","Oscillospirales","Ruminococcaceae","Incertae_Sedis"
"Otu00146",730,"Bacteria","Actinobacteriota","Coriobacteriia","Coriobacteriales","Eggerthellaceae","Gordonibacter"
"Otu00147",726,"Bacteria","Proteobacteria","Alphaproteobacteria","Caulobacterales","Caulobacteraceae","Brevundimonas"
"Otu00148",723,"Bacteria","Firmicutes","Clostridia","Peptostreptococcales-Tissierellales","Peptostreptococcaceae","Peptostreptococcaceae_unclassified"
"Otu00149",721,"Bacteria","Firmicutes","Clostridia","Oscillospirales","Oscillospiraceae","Oscillospiraceae_unclassified"
"Otu00150",702,"Bacteria","Firmicutes","Clostridia","Clostridiales","Clostridiaceae","Clostridiaceae_unclassified"
"Otu00152",695,"Bacteria","Actinobacteriota","Actinobacteria","Micrococcales","Microbacteriaceae","Rhodoluna"
"Otu00153",692,"Bacteria","Firmicutes","Clostridia","Peptostreptococcales-Tissierellales","Peptostreptococcaceae","Terrisporobacter"
"Otu00154",692,"Bacteria","Bacteroidota","Bacteroidia","Bacteroidales","Tannerellaceae","Tannerellaceae_unclassified"
"Otu00157",687,"Bacteria","Firmicutes","Clostridia","Clostridiales","Clostridiaceae","Clostridium_sensu_stricto_1"
"Otu00158",682,"Bacteria","Bacteroidota","Bacteroidia","Bacteroidales","Rikenellaceae","Alistipes"
"Otu00159",679,"Bacteria","Proteobacteria","Gammaproteobacteria","Gammaproteobacteria_unclassified","Gammaproteobacteria_unclassified","Gammaproteobacteria_unclassified"
"Otu00160",677,"Bacteria","Firmicutes","Clostridia","Clostridia_vadinBB60_group","Clostridia_vadinBB60_group_fa","Clostridia_vadinBB60_group_ge"
"Otu00161",677,"Bacteria","Firmicutes","Clostridia","Oscillospirales","Oscillospiraceae","Oscillospiraceae_unclassified"
"Otu00162",671,"Bacteria","Firmicutes","Clostridia","Clostridiales","Clostridiaceae","Clostridiaceae_unclassified"
"Otu00163",667,"Bacteria","Proteobacteria","Gammaproteobacteria","Burkholderiales","Oxalobacteraceae","Undibacterium"
"Otu00165",661,"Bacteria","Firmicutes","Clostridia","Clostridiales","Clostridiaceae","Clostridium_sensu_stricto_1"
"Otu00166",659,"Bacteria","Firmicutes","Clostridia","Lachnospirales","Lachnospiraceae","Lachnoclostridium"
"Otu00167",646,"Bacteria","Proteobacteria","Alphaproteobacteria","Sphingomonadales","Sphingomonadaceae","Sphingomonas"
"Otu00168",645,"Bacteria","Firmicutes","Clostridia","Peptostreptococcales-Tissierellales","Anaerovoracaceae","Anaerovoracaceae_unclassified"
"Otu00169",644,"Bacteria","Firmicutes","Clostridia","Eubacteriales","Eubacteriaceae","Eubacterium"
"Otu00170",635,"Bacteria","Myxococcota","Myxococcia","Myxococcales","Myxococcales_unclassified","Myxococcales_unclassified"
"Otu00171",631,"Bacteria","Firmicutes","Clostridia","Oscillospirales","Ruminococcaceae","Ruminococcaceae_unclassified"
"Otu00172",625,"Bacteria","Firmicutes","Clostridia","Oscillospirales","Ruminococcaceae","Angelakisella"
"Otu00173",622,"Bacteria","Firmicutes","Clostridia","Lachnospirales","Lachnospiraceae","Lachnospiraceae_unclassified"
"Otu00174",618,"Bacteria","Proteobacteria","Gammaproteobacteria","Burkholderiales","Burkholderiales_unclassified","Burkholderiales_unclassified"
"Otu00175",615,"Bacteria","Firmicutes","Bacilli","Erysipelotrichales","Erysipelotrichaceae","Breznakia"
"Otu00176",615,"Bacteria","Bacteroidota","Bacteroidia","Bacteroidales","Tannerellaceae","Parabacteroides"
"Otu00177",614,"Bacteria","Bacteroidota","Bacteroidia","Bacteroidales","Barnesiellaceae","uncultured"
"Otu00180",591,"Bacteria","Firmicutes","Clostridia","Peptostreptococcales-Tissierellales","Anaerovoracaceae","Anaerovoracaceae_unclassified"
"Otu00182",575,"Bacteria","Actinobacteriota","Actinobacteria","Micrococcales","Microbacteriaceae","Microbacterium"
"Otu00184",557,"Bacteria","Proteobacteria","Gammaproteobacteria","Burkholderiales","Oxalobacteraceae","Undibacterium"
"Otu00185",554,"Bacteria","Bacteroidota","Bacteroidia","Bacteroidia_unclassified","Bacteroidia_unclassified","Bacteroidia_unclassified"
"Otu00187",539,"Bacteria","Bacteroidota","Bacteroidia","Bacteroidales","Marinifilaceae","Odoribacter"
"Otu00189",523,"Bacteria","Firmicutes","Bacilli","Lactobacillales","Streptococcaceae","Lactococcus"
"Otu00190",520,"Bacteria","Firmicutes","Clostridia","Clostridia_unclassified","Clostridia_unclassified","Clostridia_unclassified"
"Otu00191",518,"Bacteria","Firmicutes","Clostridia","Oscillospirales","Ruminococcaceae","Ruminococcaceae_unclassified"
"Otu00192",512,"Bacteria","Actinobacteriota","Actinobacteria","Pseudonocardiales","Pseudonocardiaceae","Pseudonocardia"
"Otu00193",512,"Bacteria","Proteobacteria","Alphaproteobacteria","Sphingomonadales","Sphingomonadaceae","Sphingomonas"
"Otu00194",511,"Bacteria","Firmicutes","Clostridia","Clostridiales","Clostridiaceae","Clostridium_sensu_stricto_8"
"Otu00195",509,"Bacteria","Firmicutes","Clostridia","Clostridia_vadinBB60_group","Clostridia_vadinBB60_group_fa","Clostridia_vadinBB60_group_ge"
"Otu00196",504,"Bacteria","Bacteroidota","Bacteroidia","Bacteroidales","Rikenellaceae","Rikenella"
"Otu00197",501,"Bacteria","Firmicutes","Clostridia","Oscillospirales","Oscillospiraceae","Oscillospiraceae_unclassified"
"Otu00198",501,"Bacteria","Bacteroidota","Bacteroidia","Bacteroidales","Marinifilaceae","Butyricimonas"
"Otu00199",499,"Bacteria","Proteobacteria","Gammaproteobacteria","Pseudomonadales","Moraxellaceae","Enhydrobacter"
"Otu00200",497,"Bacteria","Firmicutes","Bacilli","Lactobacillales","Streptococcaceae","Lactococcus"
"Otu00201",494,"Bacteria","Proteobacteria","Gammaproteobacteria","Enterobacterales","Erwiniaceae","Izhakiella"
"Otu00202",489,"Bacteria","Firmicutes","Clostridia","Oscillospirales","Ruminococcaceae","Ruminococcaceae_unclassified"
"Otu00204",486,"Bacteria","Firmicutes","Clostridia","Clostridiales","Clostridiaceae","Clostridiaceae_unclassified"
"Otu00205",478,"Bacteria","Bacteroidota","Bacteroidia","Bacteroidales","Bacteroidales_unclassified","Bacteroidales_unclassified"
"Otu00206",477,"Bacteria","Firmicutes","Clostridia","Oscillospirales","Oscillospiraceae","Oscillospiraceae_unclassified"
"Otu00207",477,"Bacteria","Firmicutes","Clostridia","Lachnospirales","Lachnospiraceae","Epulopiscium"
"Otu00210",467,"Bacteria","Firmicutes","Clostridia","Oscillospirales","Oscillospirales_fa","Oscillospirales_ge"
"Otu00212",456,"Bacteria","Firmicutes","Negativicutes","Veillonellales-Selenomonadales","Veillonellales-Selenomonadales_unclassified","Veillonellales-Selenomonadales_unclassified"
"Otu00213",451,"Bacteria","Bacteroidota","Bacteroidia","Bacteroidales","Tannerellaceae","Parabacteroides"
"Otu00215",447,"Bacteria","Bacteroidota","Bacteroidia","Bacteroidales","Bacteroidaceae","Bacteroides"
"Otu00216",446,"Bacteria","Firmicutes","Clostridia","Clostridia_unclassified","Clostridia_unclassified","Clostridia_unclassified"
"Otu00217",445,"Bacteria","Bacteroidota","Bacteroidia","Bacteroidales","Rikenellaceae","Rikenellaceae_unclassified"
"Otu00219",441,"Bacteria","Firmicutes","Clostridia","Lachnospirales","Lachnospiraceae","Lachnospiraceae_unclassified"
"Otu00221",440,"Bacteria","Proteobacteria","Gammaproteobacteria","Enterobacterales","Shewanellaceae","Shewanella"
"Otu00222",438,"Bacteria","Firmicutes","Bacilli","Lactobacillales","Vagococcaceae","Vagococcus"
"Otu00223",436,"Bacteria","Firmicutes","Clostridia","Oscillospirales","Oscillospirales_fa","Oscillospirales_ge"
"Otu00225",430,"Bacteria","Firmicutes","Bacilli","Erysipelotrichales","Erysipelotrichaceae","Faecalitalea"
"Otu00226",430,"Bacteria","Firmicutes","Clostridia","Lachnospirales","Lachnospiraceae","Lachnospiraceae_unclassified"
"Otu00227",428,"Bacteria","Firmicutes","Clostridia","Christensenellales","Christensenellaceae","Christensenellaceae_R-7_group"
"Otu00228",424,"Bacteria","Firmicutes","Clostridia","Oscillospirales","Oscillospiraceae","Oscillospiraceae_unclassified"
"Otu00229",424,"Bacteria","Firmicutes","Clostridia","Peptostreptococcales-Tissierellales","Peptostreptococcaceae","Terrisporobacter"
"Otu00231",421,"Bacteria","Firmicutes","Clostridia","Clostridiales","Clostridiaceae","Clostridium_sensu_stricto_1"
"Otu00232",418,"Bacteria","Bacteroidota","Bacteroidia","Bacteroidales","Tannerellaceae","Parabacteroides"
"Otu00234",418,"Bacteria","Bdellovibrionota","Bdellovibrionia","Bdellovibrionales","Bdellovibrionaceae","Bdellovibrio"
"Otu00235",416,"Bacteria","Proteobacteria","Gammaproteobacteria","Enterobacterales","Enterobacterales_unclassified","Enterobacterales_unclassified"
"Otu00236",415,"Bacteria","Firmicutes","Clostridia","Oscillospirales","Oscillospiraceae","Oscillospiraceae_unclassified"
"Otu00237",408,"Bacteria","Bacteroidota","Bacteroidia","Chitinophagales","Chitinophagaceae","Sediminibacterium"
"Otu00238",406,"Bacteria","Desulfobacterota","Desulfovibrionia","Desulfovibrionales","Desulfovibrionaceae","Bilophila"
"Otu00239",400,"Bacteria","Firmicutes","Bacilli","Erysipelotrichales","Erysipelotrichaceae","Erysipelotrichaceae_unclassified"
"Otu00240",398,"Bacteria","Firmicutes","Clostridia","Clostridia_vadinBB60_group","Clostridia_vadinBB60_group_fa","Clostridia_vadinBB60_group_ge"
"Otu00241",395,"Bacteria","Firmicutes","Clostridia","Clostridiales","Clostridiaceae","Clostridiaceae_unclassified"
"Otu00242",394,"Bacteria","Firmicutes","Clostridia","Clostridiales","Clostridiaceae","Clostridium_sensu_stricto_1"
"Otu00243",386,"Bacteria","Actinobacteriota","Actinobacteria","Frankiales","Sporichthyaceae","Sporichthyaceae_unclassified"
"Otu00244",385,"Bacteria","Firmicutes","Bacilli","Erysipelotrichales","Erysipelotrichaceae","Erysipelotrichaceae_unclassified"
"Otu00246",378,"Bacteria","Firmicutes","Clostridia","Oscillospirales","Ruminococcaceae","Paludicola"
"Otu00247",378,"Bacteria","Bacteroidota","Bacteroidia","Bacteroidales","Tannerellaceae","Parabacteroides"
"Otu00248",376,"Bacteria","Bacteroidota","Bacteroidia","Bacteroidales","Rikenellaceae","Alistipes"
"Otu00249",374,"Bacteria","Firmicutes","Clostridia","Clostridiales","Clostridiaceae","Clostridiaceae_unclassified"
"Otu00250",374,"Bacteria","Proteobacteria","Alphaproteobacteria","Alphaproteobacteria_unclassified","Alphaproteobacteria_unclassified","Alphaproteobacteria_unclassified"
"Otu00251",373,"Bacteria","Firmicutes","Clostridia","Oscillospirales","Oscillospirales_unclassified","Oscillospirales_unclassified"
"Otu00252",372,"Bacteria","Firmicutes","Clostridia","Lachnospirales","Lachnospiraceae","Lachnoclostridium"
"Otu00253",366,"Bacteria","Firmicutes","Firmicutes_unclassified","Firmicutes_unclassified","Firmicutes_unclassified","Firmicutes_unclassified"
"Otu00254",365,"Bacteria","Firmicutes","Clostridia","Lachnospirales","Lachnospiraceae","Epulopiscium"
"Otu00255",364,"Bacteria","Firmicutes","Clostridia","Oscillospirales","Oscillospiraceae","Oscillospiraceae_unclassified"
"Otu00256",363,"Bacteria","Firmicutes","Clostridia","Peptostreptococcales-Tissierellales","Peptostreptococcaceae","Peptostreptococcaceae_unclassified"
"Otu00257",361,"Bacteria","Proteobacteria","Gammaproteobacteria","Burkholderiales","Comamonadaceae","Comamonadaceae_unclassified"
"Otu00258",361,"Bacteria","Firmicutes","Clostridia","Oscillospirales","Oscillospiraceae","Oscillospiraceae_unclassified"
"Otu00259",359,"Bacteria","Firmicutes","Clostridia","Lachnospirales","Lachnospiraceae","Lachnospiraceae_unclassified"
"Otu00260",359,"Bacteria","Firmicutes","Clostridia","Clostridiales","Clostridiaceae","Clostridiaceae_unclassified"
"Otu00262",358,"Bacteria","Firmicutes","Clostridia","Clostridiales","Clostridiaceae","Clostridiaceae_unclassified"
"Otu00263",356,"Bacteria","Bacteroidota","Bacteroidia","Bacteroidales","Marinifilaceae","Sanguibacteroides"
"Otu00264",354,"Bacteria","Firmicutes","Clostridia","Peptostreptococcales-Tissierellales","Anaerovoracaceae","Anaerovoracaceae_unclassified"
"Otu00265",353,"Bacteria","Firmicutes","Firmicutes_unclassified","Firmicutes_unclassified","Firmicutes_unclassified","Firmicutes_unclassified"
"Otu00267",350,"Bacteria","Actinobacteriota","Coriobacteriia","Coriobacteriales","Eggerthellaceae","Eggerthella"
"Otu00269",345,"Bacteria","Proteobacteria","Gammaproteobacteria","Burkholderiales","Comamonadaceae","Aquabacterium"
"Otu00270",343,"Bacteria","Firmicutes","Bacilli","Bacillales","Bacillaceae","Aeribacillus"
"Otu00271",341,"Bacteria","Firmicutes","Clostridia","Clostridiales","Clostridiaceae","Clostridiaceae_unclassified"
"Otu00272",339,"Bacteria","Proteobacteria","Gammaproteobacteria","Burkholderiales","Burkholderiales_unclassified","Burkholderiales_unclassified"
"Otu00273",336,"Bacteria","Firmicutes","Clostridia","Clostridiales","Clostridiaceae","Clostridiaceae_unclassified"
"Otu00274",329,"Bacteria","Firmicutes","Clostridia","Clostridiales","Clostridiaceae","Clostridiaceae_unclassified"
"Otu00275",329,"Bacteria","Firmicutes","Clostridia","Clostridiales","Clostridiaceae","Clostridiaceae_unclassified"
"Otu00276",325,"Bacteria","Firmicutes","Bacilli","Erysipelotrichales","Erysipelatoclostridiaceae","UCG-004"
"Otu00277",316,"Bacteria","Firmicutes","Clostridia","Oscillospirales","Oscillospirales_unclassified","Oscillospirales_unclassified"
"Otu00278",316,"Bacteria","Firmicutes","Clostridia","Clostridiales","Clostridiaceae","Clostridium_sensu_stricto_8"
"Otu00280",313,"Bacteria","Firmicutes","Clostridia","Oscillospirales","Ruminococcaceae","Candidatus_Soleaferrea"
"Otu00281",312,"Bacteria","Firmicutes","Clostridia","Oscillospirales","Ruminococcaceae","Ruminococcaceae_unclassified"
"Otu00282",311,"Bacteria","Bacteroidota","Bacteroidia","Bacteroidales","Marinifilaceae","Butyricimonas"
"Otu00283",308,"Bacteria","Firmicutes","Clostridia","Peptostreptococcales-Tissierellales","Peptostreptococcaceae","Paeniclostridium"
"Otu00284",307,"Bacteria","Proteobacteria","Alphaproteobacteria","Rhodobacterales","Rhodobacteraceae","Rhodobacteraceae_unclassified"
"Otu00285",307,"Bacteria","Firmicutes","Clostridia","Lachnospirales","Lachnospiraceae","Lachnospiraceae_unclassified"
"Otu00286",304,"Bacteria","Bacteroidota","Bacteroidia","Bacteroidales","Bacteroidales_unclassified","Bacteroidales_unclassified"
"Otu00287",302,"Bacteria","Proteobacteria","Gammaproteobacteria","Enterobacterales","Alteromonadaceae","Rheinheimera"
"Otu00288",300,"Bacteria","Firmicutes","Bacilli","Bacilli_unclassified","Bacilli_unclassified","Bacilli_unclassified"
"Otu00290",299,"Bacteria","Bacteroidota","Bacteroidia","Bacteroidales","Marinifilaceae","Odoribacter"
"Otu00292",298,"Bacteria","Bacteroidota","Bacteroidia","Bacteroidales","Prevotellaceae","Prevotellaceae_unclassified"
"Otu00293",296,"Bacteria","Actinobacteriota","Actinobacteria","Corynebacteriales","Mycobacteriaceae","Mycobacterium"
"Otu00294",293,"Bacteria","Firmicutes","Clostridia","Clostridiales","Clostridiaceae","Clostridiaceae_unclassified"
"Otu00295",292,"Bacteria","Proteobacteria","Alphaproteobacteria","Rhizobiales","Xanthobacteraceae","Bradyrhizobium"
"Otu00296",285,"Bacteria","Firmicutes","Clostridia","Oscillospirales","Oscillospirales_fa","Oscillospirales_ge"
"Otu00297",284,"Bacteria","Bacteroidota","Bacteroidia","Bacteroidales","Bacteroidaceae","Bacteroides"
"Otu00298",279,"Bacteria","Bacteroidota","Bacteroidia","Bacteroidales","Rikenellaceae","Alistipes"
"Otu00299",279,"Bacteria","Firmicutes","Clostridia","Lachnospirales","Lachnospiraceae","Hungatella"
"Otu00300",277,"Bacteria","Firmicutes","Clostridia","Oscillospirales","Oscillospiraceae","Intestinimonas"
"Otu00303",272,"Bacteria","Firmicutes","Clostridia","Peptostreptococcales-Tissierellales","Anaerovoracaceae","Anaerovorax"
"Otu00304",272,"Bacteria","Actinobacteriota","Coriobacteriia","Coriobacteriales","Eggerthellaceae","Gordonibacter"
"Otu00305",271,"Bacteria","Firmicutes","Clostridia","Peptostreptococcales-Tissierellales","Anaerovoracaceae","Anaerovoracaceae_unclassified"
"Otu00306",270,"Bacteria","Proteobacteria","Gammaproteobacteria","Enterobacterales","Enterobacterales_unclassified","Enterobacterales_unclassified"
"Otu00309",268,"Bacteria","Bacteroidota","Bacteroidia","Bacteroidales","Bacteroidales_unclassified","Bacteroidales_unclassified"
"Otu00310",267,"Bacteria","Firmicutes","Clostridia","Clostridiales","Clostridiaceae","Clostridiaceae_unclassified"
"Otu00311",266,"Bacteria","Actinobacteriota","Actinobacteria","Micrococcales","Micrococcaceae","Rothia"
"Otu00312",265,"Bacteria","Firmicutes","Clostridia","Clostridiales","Clostridiaceae","Clostridium_sensu_stricto_1"
"Otu00313",264,"Bacteria","Firmicutes","Bacilli","Erysipelotrichales","Erysipelatoclostridiaceae","Erysipelatoclostridium"
"Otu00314",263,"Bacteria","Proteobacteria","Gammaproteobacteria","Enterobacterales","Enterobacteriaceae","Enterobacteriaceae_unclassified"
"Otu00316",261,"Bacteria","Bacteroidota","Bacteroidia","Bacteroidales","Tannerellaceae","Tannerellaceae_unclassified"
"Otu00317",257,"Bacteria","Firmicutes","Clostridia","Clostridiales","Clostridiaceae","Clostridiaceae_unclassified"
"Otu00318",256,"Bacteria","Proteobacteria","Gammaproteobacteria","Enterobacterales","Enterobacteriaceae","Enterobacteriaceae_unclassified"
"Otu00319",255,"Bacteria","Firmicutes","Bacilli","Erysipelotrichales","Erysipelotrichaceae","Erysipelotrichaceae_ge"
"Otu00320",254,"Bacteria","Firmicutes","Clostridia","Clostridia_unclassified","Clostridia_unclassified","Clostridia_unclassified"
"Otu00321",251,"Bacteria","Firmicutes","Clostridia","Clostridia_unclassified","Clostridia_unclassified","Clostridia_unclassified"
"Otu00322",251,"Bacteria","Planctomycetota","Planctomycetes","Pirellulales","Pirellulaceae","Pirellulaceae_unclassified"
"Otu00323",245,"Bacteria","Bacteroidota","Bacteroidia","Bacteroidales","Bacteroidales_unclassified","Bacteroidales_unclassified"
"Otu00325",240,"Bacteria","Firmicutes","Bacilli","Erysipelotrichales","Erysipelotrichaceae","Erysipelotrichaceae_unclassified"
"Otu00326",240,"Bacteria","Verrucomicrobiota","Lentisphaeria","Victivallales","vadinBE97","vadinBE97_ge"
"Otu00327",239,"Bacteria","Bacteroidota","Bacteroidia","Bacteroidales","Rikenellaceae","Rikenella"
"Otu00328",237,"Bacteria","Firmicutes","Negativicutes","Acidaminococcales","Acidaminococcaceae","Acidaminococcaceae_unclassified"
"Otu00329",236,"Bacteria","Firmicutes","Clostridia","Oscillospirales","Butyricicoccaceae","UCG-009"
"Otu00330",235,"Bacteria","Proteobacteria","Gammaproteobacteria","Enterobacterales","Enterobacterales_unclassified","Enterobacterales_unclassified"
"Otu00331",235,"Bacteria","Bacteroidota","Bacteroidia","Flavobacteriales","Weeksellaceae","Chryseobacterium"
"Otu00332",234,"Bacteria","Firmicutes","Clostridia","Oscillospirales","Oscillospiraceae","Oscillospiraceae_unclassified"
"Otu00333",232,"Bacteria","Firmicutes","Clostridia","Oscillospirales","Oscillospiraceae","Oscillospiraceae_unclassified"
"Otu00334",231,"Bacteria","Bacteria_unclassified","Bacteria_unclassified","Bacteria_unclassified","Bacteria_unclassified","Bacteria_unclassified"
"Otu00335",230,"Bacteria","Proteobacteria","Alphaproteobacteria","Sphingomonadales","Sphingomonadaceae","Sphingomonadaceae_unclassified"
"Otu00336",227,"Bacteria","Proteobacteria","Gammaproteobacteria","Burkholderiales","Burkholderiaceae","Lautropia"
"Otu00337",224,"Bacteria","Proteobacteria","Gammaproteobacteria","Enterobacterales","Enterobacterales_unclassified","Enterobacterales_unclassified"
"Otu00340",223,"Bacteria","Proteobacteria","Gammaproteobacteria","Gammaproteobacteria_unclassified","Gammaproteobacteria_unclassified","Gammaproteobacteria_unclassified"
"Otu00342",222,"Bacteria","Proteobacteria","Alphaproteobacteria","Rhizobiales","Rhizobiaceae","Allorhizobium-Neorhizobium-Pararhizobium-Rhizobium"
"Otu00343",221,"Bacteria","Bacteroidota","Bacteroidia","Bacteroidia_unclassified","Bacteroidia_unclassified","Bacteroidia_unclassified"
"Otu00344",220,"Bacteria","Fusobacteriota","Fusobacteriia","Fusobacteriales","Fusobacteriaceae","Cetobacterium"
"Otu00345",220,"Bacteria","Bacteroidota","Bacteroidia","Bacteroidales","Bacteroidaceae","Bacteroides"
"Otu00346",219,"Bacteria","Bacteroidota","Bacteroidia","Bacteroidales","Bacteroidales_unclassified","Bacteroidales_unclassified"
"Otu00347",219,"Bacteria","Firmicutes","Clostridia","Oscillospirales","Oscillospirales_fa","Hydrogenoanaerobacterium"
"Otu00348",218,"Bacteria","Firmicutes","Clostridia","Clostridiales","Clostridiaceae","Clostridiaceae_unclassified"
"Otu00349",218,"Bacteria","Firmicutes","Clostridia","Clostridia_vadinBB60_group","Clostridia_vadinBB60_group_fa","Clostridia_vadinBB60_group_ge"
"Otu00350",218,"Bacteria","Firmicutes","Clostridia","Clostridia_vadinBB60_group","Clostridia_vadinBB60_group_fa","Clostridia_vadinBB60_group_ge"
"Otu00351",216,"Bacteria","Firmicutes","Clostridia","Peptostreptococcales-Tissierellales","Anaerovoracaceae","Amnipila"
"Otu00352",215,"Bacteria","Firmicutes","Clostridia","Clostridiales","Clostridiaceae","Clostridiaceae_unclassified"
"Otu00354",214,"Bacteria","Firmicutes","Clostridia","Lachnospirales","Lachnospiraceae","Robinsoniella"
"Otu00356",213,"Bacteria","Firmicutes","Clostridia","Lachnospirales","Lachnospiraceae","Lachnospiraceae_unclassified"
"Otu00357",211,"Bacteria","Actinobacteriota","Coriobacteriia","Coriobacteriales","Eggerthellaceae","Eggerthella"
"Otu00358",209,"Bacteria","Firmicutes","Clostridia","Oscillospirales","Ruminococcaceae","Ruminococcaceae_unclassified"
"Otu00359",207,"Bacteria","Patescibacteria","Gracilibacteria","Gracilibacteria_or","Gracilibacteria_fa","Gracilibacteria_ge"
"Otu00360",204,"Bacteria","Firmicutes","Clostridia","Oscillospirales","Ruminococcaceae","Ruminococcaceae_unclassified"
"Otu00362",202,"Bacteria","Bacteroidota","Bacteroidia","Bacteroidales","Bacteroidales_unclassified","Bacteroidales_unclassified"
"Otu00363",202,"Bacteria","Firmicutes","Clostridia","Oscillospirales","Oscillospirales_unclassified","Oscillospirales_unclassified"
"Otu00364",201,"Bacteria","Firmicutes","Clostridia","Peptostreptococcales-Tissierellales","Peptostreptococcaceae","Peptostreptococcaceae_unclassified"
"Otu00365",201,"Bacteria","Proteobacteria","Gammaproteobacteria","Burkholderiales","Burkholderiales_unclassified","Burkholderiales_unclassified"
"Otu00366",200,"Bacteria","Firmicutes","Clostridia","Oscillospirales","Oscillospiraceae","Oscillospiraceae_unclassified"
"Otu00367",198,"Bacteria","Bacteroidota","Bacteroidia","Bacteroidales","Rikenellaceae","Alistipes"
"Otu00368",198,"Bacteria","Actinobacteriota","Actinobacteria","Frankiales","Sporichthyaceae","Sporichthyaceae_ge"
"Otu00369",197,"Bacteria","Bacteroidota","Bacteroidia","Bacteroidales","Marinifilaceae","Odoribacter"
"Otu00370",196,"Bacteria","Firmicutes","Clostridia","Oscillospirales","Ruminococcaceae","Ruminococcaceae_unclassified"
"Otu00371",196,"Bacteria","Proteobacteria","Gammaproteobacteria","Enterobacterales","Hafniaceae","Hafnia-Obesumbacterium"
"Otu00372",195,"Bacteria","Firmicutes","Clostridia","Clostridia_unclassified","Clostridia_unclassified","Clostridia_unclassified"
"Otu00373",195,"Bacteria","Firmicutes","Negativicutes","Veillonellales-Selenomonadales","Selenomonadaceae","Selenomonadaceae_unclassified"
"Otu00374",193,"Bacteria","Bacteroidota","Bacteroidia","Bacteroidales","Bacteroidales_unclassified","Bacteroidales_unclassified"
"Otu00375",193,"Bacteria","Firmicutes","Clostridia","Clostridia_unclassified","Clostridia_unclassified","Clostridia_unclassified"
"Otu00376",192,"Bacteria","Firmicutes","Clostridia","Clostridiales","Clostridiaceae","Clostridiaceae_unclassified"
"Otu00377",192,"Bacteria","Bacteroidota","Bacteroidia","Bacteroidales","Bacteroidaceae","Bacteroides"
"Otu00378",192,"Bacteria","Firmicutes","Clostridia","Clostridiales","Clostridiaceae","Clostridiaceae_unclassified"
"Otu00379",192,"Bacteria","Firmicutes","Clostridia","Lachnospirales","Lachnospiraceae","Robinsoniella"
"Otu00380",191,"Bacteria","Firmicutes","Clostridia","Oscillospirales","Ruminococcaceae","Ruminococcaceae_unclassified"
"Otu00381",189,"Bacteria","Actinobacteriota","Actinobacteria","Frankiales","Sporichthyaceae","hgcI_clade"
"Otu00382",189,"Bacteria","Bacteroidota","Bacteroidia","Bacteroidales","Rikenellaceae","Alistipes"
"Otu00384",188,"Bacteria","Firmicutes","Clostridia","Peptostreptococcales-Tissierellales","Peptostreptococcaceae","Peptostreptococcaceae_unclassified"
"Otu00385",188,"Bacteria","Proteobacteria","Gammaproteobacteria","Xanthomonadales","Xanthomonadaceae","Pseudoxanthomonas"
"Otu00387",186,"Bacteria","Firmicutes","Clostridia","Clostridiales","Clostridiaceae","Clostridiaceae_unclassified"
"Otu00388",185,"Bacteria","Firmicutes","Clostridia","Lachnospirales","Lachnospiraceae","Lachnospiraceae_unclassified"
"Otu00389",184,"Bacteria","Proteobacteria","Alphaproteobacteria","Rhizobiales","Beijerinckiaceae","Methylobacterium-Methylorubrum"
"Otu00390",183,"Bacteria","Firmicutes","Clostridia","Oscillospirales","Oscillospiraceae","uncultured"
"Otu00391",183,"Bacteria","Firmicutes","Clostridia","Clostridia_unclassified","Clostridia_unclassified","Clostridia_unclassified"
"Otu00392",182,"Bacteria","Firmicutes","Bacilli","Erysipelotrichales","Erysipelotrichaceae","Erysipelotrichaceae_ge"
"Otu00393",180,"Bacteria","Proteobacteria","Gammaproteobacteria","Gammaproteobacteria_unclassified","Gammaproteobacteria_unclassified","Gammaproteobacteria_unclassified"
"Otu00394",180,"Bacteria","Bacteroidota","Bacteroidia","Bacteroidales","Bacteroidales_unclassified","Bacteroidales_unclassified"
"Otu00395",179,"Bacteria","Proteobacteria","Alphaproteobacteria","Rhodobacterales","Rhodobacteraceae","Paracoccus"
"Otu00396",179,"Bacteria","Bacteroidota","Bacteroidia","Bacteroidales","Bacteroidales_unclassified","Bacteroidales_unclassified"
"Otu00397",179,"Bacteria","Bacteroidota","Bacteroidia","Bacteroidales","Marinifilaceae","Odoribacter"
"Otu00398",178,"Bacteria","Firmicutes","Clostridia","Oscillospirales","Ruminococcaceae","Incertae_Sedis"
"Otu00401",177,"Bacteria","Bacteria_unclassified","Bacteria_unclassified","Bacteria_unclassified","Bacteria_unclassified","Bacteria_unclassified"
"Otu00402",175,"Bacteria","Firmicutes","Clostridia","Oscillospirales","Oscillospiraceae","Oscillospiraceae_unclassified"
"Otu00405",175,"Bacteria","Firmicutes","Clostridia","Oscillospirales","Ruminococcaceae","UBA1819"
"Otu00406",175,"Bacteria","Firmicutes","Clostridia","Clostridiales","Clostridiaceae","Clostridiaceae_unclassified"
"Otu00407",174,"Bacteria","Firmicutes","Clostridia","Peptostreptococcales-Tissierellales","Peptostreptococcaceae","Peptostreptococcaceae_unclassified"
"Otu00409",173,"Bacteria","Proteobacteria","Gammaproteobacteria","Burkholderiales","Comamonadaceae","Comamonadaceae_unclassified"
"Otu00410",172,"Bacteria","Proteobacteria","Gammaproteobacteria","Burkholderiales","Oxalobacteraceae","Oxalobacteraceae_unclassified"
"Otu00411",172,"Bacteria","Firmicutes","Clostridia","Clostridiales","Clostridiaceae","Clostridiaceae_unclassified"
"Otu00412",171,"Bacteria","Firmicutes","Clostridia","Oscillospirales","Oscillospirales_unclassified","Oscillospirales_unclassified"
"Otu00413",171,"Bacteria","Firmicutes","Clostridia","Oscillospirales","Ruminococcaceae","Incertae_Sedis"
"Otu00414",170,"Bacteria","Spirochaetota","Spirochaetia","Spirochaetales","Spirochaetaceae","Treponema"
"Otu00415",170,"Bacteria","Proteobacteria","Gammaproteobacteria","Burkholderiales","Comamonadaceae","Comamonadaceae_unclassified"
"Otu00417",169,"Bacteria","Firmicutes","Clostridia","Lachnospirales","Lachnospiraceae","Lachnospiraceae_unclassified"
"Otu00419",168,"Bacteria","Firmicutes","Clostridia","Clostridia_vadinBB60_group","Clostridia_vadinBB60_group_fa","Clostridia_vadinBB60_group_ge"
"Otu00421",168,"Bacteria","Firmicutes","Bacilli","Bacillales","Planococcaceae","Kurthia"
"Otu00423",167,"Bacteria","Fusobacteriota","Fusobacteriia","Fusobacteriales","Fusobacteriaceae","Cetobacterium"
"Otu00426",165,"Bacteria","Firmicutes","Clostridia","Oscillospirales","Ruminococcaceae","Ruminococcaceae_unclassified"
"Otu00427",164,"Bacteria","Firmicutes","Clostridia","Clostridia_unclassified","Clostridia_unclassified","Clostridia_unclassified"
"Otu00428",163,"Bacteria","Proteobacteria","Gammaproteobacteria","Enterobacterales","Enterobacterales_unclassified","Enterobacterales_unclassified"
"Otu00429",163,"Bacteria","Firmicutes","Clostridia","Lachnospirales","Lachnospiraceae","Lachnospiraceae_unclassified"
"Otu00430",163,"Bacteria","Proteobacteria","Gammaproteobacteria","Gammaproteobacteria_unclassified","Gammaproteobacteria_unclassified","Gammaproteobacteria_unclassified"
"Otu00431",162,"Bacteria","Firmicutes","Clostridia","Oscillospirales","Ruminococcaceae","Paludicola"
"Otu00432",162,"Bacteria","Bacteroidota","Bacteroidia","Chitinophagales","Saprospiraceae","uncultured"
"Otu00433",162,"Bacteria","Firmicutes","Clostridia","Oscillospirales","Ruminococcaceae","Ruminococcaceae_unclassified"
"Otu00434",162,"Bacteria","Proteobacteria","Proteobacteria_unclassified","Proteobacteria_unclassified","Proteobacteria_unclassified","Proteobacteria_unclassified"
"Otu00435",161,"Bacteria","Myxococcota","Polyangia","Polyangiales","Phaselicystidaceae","Phaselicystis"
"Otu00436",161,"Bacteria","Actinobacteriota","Actinobacteria","Micrococcales","Micrococcaceae","Pseudarthrobacter"
"Otu00437",161,"Bacteria","Firmicutes","Clostridia","Peptostreptococcales-Tissierellales","Peptostreptococcaceae","Peptostreptococcaceae_unclassified"
"Otu00439",160,"Bacteria","Actinobacteriota","Actinobacteria","Micrococcales","Microbacteriaceae","Amnibacterium"
"Otu00441",159,"Bacteria","Bacteroidota","Bacteroidia","Bacteroidales","Bacteroidaceae","Bacteroides"
"Otu00442",157,"Bacteria","Firmicutes","Clostridia","Peptostreptococcales-Tissierellales","Peptostreptococcales-Tissierellales_unclassified","Peptostreptococcales-Tissierellales_unclassified"
"Otu00443",156,"Bacteria","Firmicutes","Clostridia","Oscillospirales","Oscillospiraceae","Oscillospiraceae_unclassified"
"Otu00444",156,"Bacteria","Firmicutes","Clostridia","Lachnospirales","Lachnospiraceae","Lachnospiraceae_unclassified"
"Otu00445",154,"Bacteria","Proteobacteria","Gammaproteobacteria","Burkholderiales","Comamonadaceae","Comamonadaceae_unclassified"
"Otu00446",154,"Bacteria","Fusobacteriota","Fusobacteriia","Fusobacteriales","Fusobacteriaceae","Cetobacterium"
"Otu00447",153,"Bacteria","Firmicutes","Clostridia","Oscillospirales","Oscillospiraceae","Oscillibacter"
"Otu00448",152,"Bacteria","Proteobacteria","Gammaproteobacteria","Enterobacterales","Enterobacterales_unclassified","Enterobacterales_unclassified"
"Otu00449",151,"Bacteria","Firmicutes","Clostridia","Clostridia_unclassified","Clostridia_unclassified","Clostridia_unclassified"
"Otu00450",151,"Bacteria","Firmicutes","Clostridia","Lachnospirales","Lachnospiraceae","Lachnospiraceae_unclassified"
"Otu00451",151,"Bacteria","Firmicutes","Bacilli","Paenibacillales","Paenibacillaceae","Paenibacillus"
"Otu00452",151,"Bacteria","Bacteroidota","Bacteroidia","Bacteroidales","Bacteroidaceae","Bacteroides"
"Otu00453",151,"Bacteria","Patescibacteria","Saccharimonadia","Saccharimonadales","Saccharimonadales_fa","Saccharimonadales_ge"
"Otu00454",150,"Bacteria","Bacteroidota","Bacteroidia","Flavobacteriales","Flavobacteriaceae","Flavobacterium"
"Otu00456",150,"Bacteria","Firmicutes","Clostridia","Peptostreptococcales-Tissierellales","Peptostreptococcaceae","Peptostreptococcaceae_unclassified"
"Otu00457",149,"Bacteria","Firmicutes","Clostridia","Oscillospirales","Oscillospirales_fa","Oscillospirales_ge"
"Otu00458",148,"Bacteria","Firmicutes","Clostridia","Lachnospirales","Lachnospiraceae","Lachnospiraceae_unclassified"
"Otu00459",148,"Bacteria","Firmicutes","Clostridia","Clostridia_vadinBB60_group","Clostridia_vadinBB60_group_fa","Clostridia_vadinBB60_group_ge"
"Otu00460",148,"Bacteria","Firmicutes","Clostridia","Peptostreptococcales-Tissierellales","Anaerovoracaceae","Anaerovoracaceae_ge"
"Otu00461",148,"Bacteria","Actinobacteriota","Actinobacteria","Bifidobacteriales","Bifidobacteriaceae","Bifidobacterium"
"Otu00462",146,"Bacteria","Firmicutes","Negativicutes","Veillonellales-Selenomonadales","Veillonellales-Selenomonadales_unclassified","Veillonellales-Selenomonadales_unclassified"
"Otu00463",146,"Bacteria","Bacteroidota","Bacteroidia","Bacteroidia_unclassified","Bacteroidia_unclassified","Bacteroidia_unclassified"
"Otu00464",145,"Bacteria","Proteobacteria","Gammaproteobacteria","Enterobacterales","Enterobacteriaceae","Enterobacteriaceae_unclassified"
"Otu00465",145,"Bacteria","Proteobacteria","Gammaproteobacteria","Enterobacterales","Enterobacteriaceae","Enterobacteriaceae_unclassified"
"Otu00466",145,"Bacteria","Proteobacteria","Gammaproteobacteria","Burkholderiales","Burkholderiales_unclassified","Burkholderiales_unclassified"
"Otu00467",144,"Bacteria","Proteobacteria","Gammaproteobacteria","Burkholderiales","Hydrogenophilaceae","Tepidiphilus"
"Otu00470",140,"Bacteria","Firmicutes","Bacilli","Lactobacillales","Lactobacillales_unclassified","Lactobacillales_unclassified"
"Otu00471",140,"Bacteria","Firmicutes","Clostridia","Oscillospirales","Ruminococcaceae","Ruminococcaceae_unclassified"
"Otu00472",140,"Bacteria","Armatimonadota","Fimbriimonadia","Fimbriimonadales","Fimbriimonadaceae","Fimbriimonadaceae_ge"
"Otu00473",140,"Bacteria","Firmicutes","Clostridia","Lachnospirales","Lachnospiraceae","Epulopiscium"
"Otu00474",140,"Bacteria","Firmicutes","Clostridia","Clostridiales","Clostridiaceae","Clostridiaceae_unclassified"
"Otu00476",139,"Bacteria","Firmicutes","Clostridia","Lachnospirales","Lachnospiraceae","Lachnospiraceae_unclassified"
"Otu00477",139,"Bacteria","Verrucomicrobiota","Verrucomicrobiae","Verrucomicrobiales","Verrucomicrobiales_unclassified","Verrucomicrobiales_unclassified"
"Otu00479",138,"Bacteria","Firmicutes","Clostridia","Peptostreptococcales-Tissierellales","Peptostreptococcaceae","Peptostreptococcaceae_unclassified"
"Otu00480",138,"Bacteria","Firmicutes","Clostridia","Oscillospirales","Butyricicoccaceae","UCG-009"
"Otu00481",138,"Bacteria","Firmicutes","Bacilli","Erysipelotrichales","Erysipelotrichaceae","Erysipelotrichaceae_unclassified"
"Otu00482",137,"Bacteria","Firmicutes","Clostridia","Clostridia_vadinBB60_group","Clostridia_vadinBB60_group_fa","Clostridia_vadinBB60_group_ge"
"Otu00483",137,"Bacteria","Proteobacteria","Gammaproteobacteria","Burkholderiales","Comamonadaceae","Comamonadaceae_unclassified"
"Otu00484",137,"Bacteria","Proteobacteria","Gammaproteobacteria","Pseudomonadales","Pseudomonadaceae","Pseudomonas"
"Otu00485",137,"Bacteria","Actinobacteriota","Actinobacteria","Micrococcales","Intrasporangiaceae","Ornithinimicrobium"
"Otu00486",137,"Bacteria","Firmicutes","Clostridia","Peptostreptococcales-Tissierellales","Peptostreptococcaceae","Peptostreptococcaceae_unclassified"
"Otu00487",137,"Bacteria","Firmicutes","Clostridia","Oscillospirales","UCG-010","UCG-010_ge"
"Otu00488",136,"Bacteria","Actinobacteriota","Actinobacteria","Micrococcales","Dermacoccaceae","Dermacoccaceae_unclassified"
"Otu00489",136,"Bacteria","Firmicutes","Clostridia","Oscillospirales","Ruminococcaceae","Ruminococcaceae_unclassified"
"Otu00490",135,"Bacteria","Bacteroidota","Bacteroidia","Bacteroidales","Rikenellaceae","Rikenella"
"Otu00491",135,"Bacteria","Firmicutes","Clostridia","Clostridiales","Clostridiaceae","Clostridiaceae_unclassified"
"Otu00492",135,"Bacteria","Proteobacteria","Gammaproteobacteria","Burkholderiales","Rhodocyclaceae","Rhodocyclaceae_unclassified"
"Otu00493",133,"Bacteria","Chloroflexi","Chloroflexia","Thermomicrobiales","JG30-KF-CM45","JG30-KF-CM45_ge"
"Otu00495",132,"Bacteria","Firmicutes","Clostridia","Christensenellales","Christensenellaceae","Christensenellaceae_R-7_group"
"Otu00496",132,"Bacteria","Firmicutes","Clostridia","Oscillospirales","Ruminococcaceae","Incertae_Sedis"
"Otu00498",132,"Bacteria","Proteobacteria","Gammaproteobacteria","Enterobacterales","Enterobacterales_unclassified","Enterobacterales_unclassified"
"Otu00499",131,"Bacteria","Bacteroidota","Bacteroidia","Bacteroidales","Rikenellaceae","Alistipes"
"Otu00500",131,"Bacteria","Verrucomicrobiota","Verrucomicrobiae","Verrucomicrobiales","Verrucomicrobiales_unclassified","Verrucomicrobiales_unclassified"
"Otu00501",131,"Bacteria","Firmicutes","Clostridia","Clostridiales","Clostridiaceae","Clostridiaceae_unclassified"
"Otu00502",130,"Bacteria","Firmicutes","Negativicutes","Veillonellales-Selenomonadales","Veillonellales-Selenomonadales_unclassified","Veillonellales-Selenomonadales_unclassified"
"Otu00503",130,"Bacteria","Bacteroidota","Bacteroidia","Chitinophagales","Chitinophagaceae","Chitinophagaceae_unclassified"
"Otu00504",130,"Bacteria","Firmicutes","Bacilli","Lactobacillales","Lactobacillaceae","Lactobacillus"
"Otu00505",130,"Bacteria","Actinobacteriota","Actinobacteria","Corynebacteriales","Nocardiaceae","Rhodococcus"
"Otu00506",130,"Bacteria","Proteobacteria","Alphaproteobacteria","Rhodobacterales","Rhodobacteraceae","Rhodobacter"
"Otu00507",130,"Bacteria","Firmicutes","Clostridia","Peptostreptococcales-Tissierellales","Peptostreptococcales-Tissierellales_unclassified","Peptostreptococcales-Tissierellales_unclassified"
"Otu00508",130,"Bacteria","Actinobacteriota","Coriobacteriia","Coriobacteriales","Eggerthellaceae","Eggerthella"
"Otu00510",129,"Bacteria","Firmicutes","Clostridia","Eubacteriales","Eubacteriaceae","Eubacterium"
"Otu00511",129,"Bacteria","Firmicutes","Clostridia","Lachnospirales","Lachnospiraceae","Cellulosilyticum"
"Otu00512",129,"Bacteria","Firmicutes","Clostridia","Peptostreptococcales-Tissierellales","Anaerovoracaceae","Anaerovoracaceae_unclassified"
"Otu00513",129,"Bacteria","Firmicutes","Clostridia","Oscillospirales","Oscillospirales_unclassified","Oscillospirales_unclassified"
"Otu00515",129,"Bacteria","Firmicutes","Firmicutes_unclassified","Firmicutes_unclassified","Firmicutes_unclassified","Firmicutes_unclassified"
"Otu00516",129,"Bacteria","Firmicutes","Negativicutes","Veillonellales-Selenomonadales","Veillonellales-Selenomonadales_unclassified","Veillonellales-Selenomonadales_unclassified"
"Otu00517",129,"Bacteria","Bacteroidota","Bacteroidia","Bacteroidales","Bacteroidales_unclassified","Bacteroidales_unclassified"
"Otu00518",129,"Bacteria","Proteobacteria","Gammaproteobacteria","Enterobacterales","Enterobacterales_unclassified","Enterobacterales_unclassified"
"Otu00519",129,"Bacteria","Firmicutes","Clostridia","Peptostreptococcales-Tissierellales","Peptostreptococcaceae","Romboutsia"
"Otu00520",128,"Bacteria","Firmicutes","Clostridia","Clostridiales","Clostridiaceae","Clostridiaceae_unclassified"
"Otu00521",128,"Bacteria","Proteobacteria","Gammaproteobacteria","Enterobacterales","Enterobacteriaceae","Enterobacteriaceae_unclassified"
"Otu00522",127,"Bacteria","Firmicutes","Clostridia","Oscillospirales","Oscillospirales_unclassified","Oscillospirales_unclassified"
"Otu00523",127,"Bacteria","Firmicutes","Clostridia","Oscillospirales","Oscillospirales_unclassified","Oscillospirales_unclassified"
"Otu00524",127,"Bacteria","Firmicutes","Clostridia","Lachnospirales","Lachnospiraceae","Lachnoclostridium"
"Otu00525",126,"Bacteria","Firmicutes","Clostridia","Lachnospirales","Lachnospiraceae","Epulopiscium"
"Otu00526",126,"Bacteria","Firmicutes","Bacilli","Erysipelotrichales","Erysipelotrichaceae","Erysipelotrichaceae_unclassified"
"Otu00527",126,"Bacteria","Proteobacteria","Gammaproteobacteria","Burkholderiales","Rhodocyclaceae","Rhodocyclaceae_unclassified"
"Otu00528",126,"Bacteria","Verrucomicrobiota","Verrucomicrobiae","Verrucomicrobiales","Rubritaleaceae","DBS1"
"Otu00529",126,"Bacteria","Bacteroidota","Bacteroidia","Bacteroidales","Bacteroidales_unclassified","Bacteroidales_unclassified"
"Otu00530",125,"Bacteria","Firmicutes","Bacilli","Lactobacillales","Streptococcaceae","Streptococcus"
"Otu00531",124,"Bacteria","Firmicutes","Clostridia","Oscillospirales","Ruminococcaceae","Anaerotruncus"
"Otu00532",123,"Bacteria","Firmicutes","Clostridia","Peptostreptococcales-Tissierellales","Anaerovoracaceae","Anaerovorax"
"Otu00533",122,"Bacteria","Proteobacteria","Alphaproteobacteria","Rhizobiales","Rhizobiales_unclassified","Rhizobiales_unclassified"
"Otu00534",122,"Bacteria","Proteobacteria","Alphaproteobacteria","Rhizobiales","Rhizobiaceae","Brucella"
"Otu00536",122,"Bacteria","Firmicutes","Clostridia","Oscillospirales","Oscillospiraceae","Oscillospiraceae_unclassified"
"Otu00537",121,"Bacteria","Firmicutes","Clostridia","Clostridia_unclassified","Clostridia_unclassified","Clostridia_unclassified"
"Otu00539",121,"Bacteria","Firmicutes","Clostridia","Clostridiales","Clostridiaceae","Clostridiaceae_unclassified"
"Otu00540",121,"Bacteria","Firmicutes","Clostridia","Clostridiales","Clostridiaceae","Clostridiaceae_unclassified"
"Otu00541",121,"Bacteria","Firmicutes","Clostridia","Lachnospirales","Lachnospiraceae","Lachnoclostridium"
"Otu00542",120,"Bacteria","Proteobacteria","Alphaproteobacteria","Sphingomonadales","Sphingomonadaceae","Sphingomonas"
"Otu00543",120,"Bacteria","Firmicutes","Clostridia","Clostridia_unclassified","Clostridia_unclassified","Clostridia_unclassified"
"Otu00544",120,"Bacteria","Firmicutes","Clostridia","Lachnospirales","Lachnospiraceae","Lachnospiraceae_unclassified"
"Otu00545",119,"Bacteria","Firmicutes","Clostridia","Oscillospirales","Ruminococcaceae","Ruminococcaceae_unclassified"
"Otu00546",119,"Bacteria","Firmicutes","Bacilli","Bacillales","Bacillaceae","Bacillus"
"Otu00547",119,"Bacteria","Firmicutes","Clostridia","Peptostreptococcales-Tissierellales","Peptostreptococcales-Tissierellales_unclassified","Peptostreptococcales-Tissierellales_unclassified"
"Otu00549",118,"Bacteria","Firmicutes","Clostridia","Oscillospirales","Ruminococcaceae","Ruminococcaceae_unclassified"
"Otu00550",118,"Bacteria","Firmicutes","Clostridia","Peptostreptococcales-Tissierellales","Anaerovoracaceae","Anaerovoracaceae_unclassified"
"Otu00552",118,"Bacteria","Firmicutes","Clostridia","Clostridia_unclassified","Clostridia_unclassified","Clostridia_unclassified"
"Otu00553",118,"Bacteria","Bacteroidota","Bacteroidia","Bacteroidales","Marinifilaceae","Butyricimonas"
"Otu00554",117,"Bacteria","Firmicutes","Clostridia","Oscillospirales","Oscillospiraceae","Oscillospiraceae_unclassified"
"Otu00555",117,"Bacteria","Firmicutes","Clostridia","Oscillospirales","Ruminococcaceae","Incertae_Sedis"
"Otu00556",116,"Bacteria","Firmicutes","Clostridia","Oscillospirales","Ruminococcaceae","Candidatus_Soleaferrea"
"Otu00557",115,"Bacteria","Firmicutes","Clostridia","Clostridia_UCG-014","Clostridia_UCG-014_fa","Clostridia_UCG-014_ge"
"Otu00558",115,"Bacteria","Firmicutes","Clostridia","Peptostreptococcales-Tissierellales","Anaerovoracaceae","Anaerovoracaceae_unclassified"
"Otu00560",114,"Bacteria","Firmicutes","Clostridia","Lachnospirales","Lachnospiraceae","Lachnospiraceae_unclassified"
"Otu00561",114,"Bacteria","Firmicutes","Bacilli","Erysipelotrichales","Erysipelotrichaceae","Dielma"
"Otu00563",113,"Bacteria","Firmicutes","Bacilli","Erysipelotrichales","Erysipelotrichaceae","Faecalitalea"
"Otu00564",113,"Bacteria","Firmicutes","Clostridia","Clostridiales","Clostridiaceae","Clostridiaceae_unclassified"
"Otu00566",113,"Bacteria","Firmicutes","Clostridia","Oscillospirales","Ruminococcaceae","Ruminococcaceae_unclassified"
"Otu00567",113,"Bacteria","Bacteria_unclassified","Bacteria_unclassified","Bacteria_unclassified","Bacteria_unclassified","Bacteria_unclassified"
"Otu00568",113,"Bacteria","Firmicutes","Clostridia","Clostridiales","Clostridiaceae","Clostridium_sensu_stricto_5"
"Otu00570",112,"Bacteria","Firmicutes","Clostridia","Christensenellales","Christensenellaceae","Christensenellaceae_R-7_group"
"Otu00571",112,"Bacteria","Firmicutes","Clostridia","Peptostreptococcales-Tissierellales","Peptostreptococcaceae","Peptostreptococcaceae_unclassified"
"Otu00572",112,"Bacteria","Firmicutes","Clostridia","Peptostreptococcales-Tissierellales","Anaerovoracaceae","Anaerovoracaceae_unclassified"
"Otu00574",111,"Bacteria","Proteobacteria","Gammaproteobacteria","Burkholderiales","Burkholderiaceae","Polynucleobacter"
"Otu00575",111,"Bacteria","Firmicutes","Clostridia","Christensenellales","Christensenellaceae","Christensenellaceae_R-7_group"
"Otu00576",110,"Bacteria","Firmicutes","Bacilli","RF39","RF39_fa","RF39_ge"
"Otu00577",110,"Bacteria","Firmicutes","Clostridia","Lachnospirales","Lachnospiraceae","Roseburia"
"Otu00578",110,"Bacteria","Bacteroidota","Bacteroidia","Sphingobacteriales","env.OPS_17","env.OPS_17_ge"
"Otu00580",109,"Bacteria","Fusobacteriota","Fusobacteriia","Fusobacteriales","Fusobacteriaceae","Cetobacterium"
"Otu00581",109,"Bacteria","Firmicutes","Clostridia","Clostridiales","Clostridiaceae","Clostridiaceae_unclassified"
"Otu00582",109,"Bacteria","Firmicutes","Clostridia","Peptostreptococcales-Tissierellales","Peptostreptococcaceae","Peptoanaerobacter"
"Otu00583",109,"Bacteria","Proteobacteria","Gammaproteobacteria","Gammaproteobacteria_unclassified","Gammaproteobacteria_unclassified","Gammaproteobacteria_unclassified"
"Otu00584",109,"Bacteria","Firmicutes","Clostridia","Peptostreptococcales-Tissierellales","Peptostreptococcaceae","Romboutsia"
"Otu00585",108,"Bacteria","Proteobacteria","Alphaproteobacteria","Sphingomonadales","Sphingomonadaceae","Sphingobium"
"Otu00586",108,"Bacteria","Proteobacteria","Gammaproteobacteria","Burkholderiales","Burkholderiaceae","Burkholderia-Caballeronia-Paraburkholderia"
"Otu00587",108,"Bacteria","Bacteroidota","Bacteroidia","Flavobacteriales","Flavobacteriaceae","Flavobacterium"
"Otu00588",107,"Bacteria","Firmicutes","Bacilli","Staphylococcales","Staphylococcaceae","Staphylococcaceae_unclassified"
"Otu00589",107,"Bacteria","Proteobacteria","Gammaproteobacteria","Xanthomonadales","Xanthomonadaceae","Xanthomonadaceae_unclassified"
"Otu00590",107,"Bacteria","Firmicutes","Clostridia","Lachnospirales","Lachnospiraceae","Lachnospiraceae_unclassified"
"Otu00592",107,"Bacteria","Firmicutes","Clostridia","Clostridiales","Clostridiaceae","Clostridiaceae_unclassified"
"Otu00593",107,"Bacteria","Firmicutes","Clostridia","Christensenellales","Christensenellaceae","Christensenellaceae_R-7_group"
"Otu00595",106,"Bacteria","Proteobacteria","Gammaproteobacteria","Burkholderiales","Neisseriaceae","Neisseria"
"Otu00597",105,"Bacteria","Firmicutes","Clostridia","Oscillospirales","Ruminococcaceae","Ruminococcaceae_unclassified"
"Otu00598",105,"Bacteria","Cyanobacteria","Cyanobacteriia","Cyanobacteriales","Chroococcidiopsaceae","uncultured"
"Otu00599",105,"Bacteria","Proteobacteria","Gammaproteobacteria","Pseudomonadales","Moraxellaceae","Acinetobacter"
"Otu00600",105,"Bacteria","Proteobacteria","Gammaproteobacteria","Burkholderiales","Methylophilaceae","Methylotenera"
"Otu00601",105,"Bacteria","Bacteroidota","Bacteroidia","Bacteroidales","Rikenellaceae","Rikenellaceae_unclassified"
"Otu00602",105,"Bacteria","Proteobacteria","Gammaproteobacteria","Burkholderiales","B1-7BS","B1-7BS_ge"
"Otu00603",104,"Bacteria","Proteobacteria","Gammaproteobacteria","Burkholderiales","Burkholderiaceae","Burkholderiaceae_unclassified"
"Otu00604",104,"Bacteria","Firmicutes","Clostridia","Oscillospirales","Butyricicoccaceae","UCG-009"
"Otu00605",104,"Bacteria","Proteobacteria","Gammaproteobacteria","Enterobacterales","Enterobacterales_unclassified","Enterobacterales_unclassified"
"Otu00606",103,"Bacteria","Firmicutes","Negativicutes","Veillonellales-Selenomonadales","Veillonellales-Selenomonadales_unclassified","Veillonellales-Selenomonadales_unclassified"
"Otu00607",103,"Bacteria","Bacteroidota","Bacteroidia","Bacteroidia_unclassified","Bacteroidia_unclassified","Bacteroidia_unclassified"
"Otu00608",103,"Bacteria","Firmicutes","Clostridia","Oscillospirales","Oscillospirales_unclassified","Oscillospirales_unclassified"
"Otu00609",103,"Bacteria","Actinobacteriota","Coriobacteriia","Coriobacteriales","Eggerthellaceae","Gordonibacter"
"Otu00612",102,"Bacteria","Proteobacteria","Gammaproteobacteria","Burkholderiales","Burkholderiales_unclassified","Burkholderiales_unclassified"
"Otu00613",102,"Bacteria","Firmicutes","Clostridia","Oscillospirales","Ruminococcaceae","Ruminococcaceae_unclassified"
"Otu00614",102,"Bacteria","Firmicutes","Clostridia","Oscillospirales","Oscillospirales_unclassified","Oscillospirales_unclassified"
"Otu00616",101,"Bacteria","Proteobacteria","Gammaproteobacteria","Enterobacterales","Enterobacteriaceae","Escherichia-Shigella"
"Otu00619",101,"Bacteria","Bacteroidota","Bacteroidia","Bacteroidales","Tannerellaceae","Tannerellaceae_unclassified"
"Otu00621",100,"Bacteria","Firmicutes","Clostridia","Clostridiales","Clostridiaceae","Clostridiaceae_unclassified"
"Otu00622",99,"Bacteria","Firmicutes","Negativicutes","Veillonellales-Selenomonadales","Sporomusaceae","Sporomusa"
"Otu00623",99,"Bacteria","Firmicutes","Clostridia","Clostridiales","Clostridiaceae","Clostridiaceae_unclassified"
"Otu00626",98,"Bacteria","Firmicutes","Clostridia","Clostridiales","Clostridiaceae","Clostridiaceae_unclassified"
"Otu00628",97,"Bacteria","Proteobacteria","Gammaproteobacteria","Enterobacterales","Enterobacteriaceae","Enterobacteriaceae_unclassified"
"Otu00629",97,"Bacteria","Proteobacteria","Gammaproteobacteria","Enterobacterales","Enterobacterales_unclassified","Enterobacterales_unclassified"
"Otu00630",96,"Bacteria","Firmicutes","Clostridia","Clostridia_unclassified","Clostridia_unclassified","Clostridia_unclassified"
"Otu00631",95,"Bacteria","Firmicutes","Clostridia","Christensenellales","Christensenellaceae","Christensenella"
"Otu00632",95,"Bacteria","Firmicutes","Clostridia","Clostridiales","Clostridiaceae","Clostridiaceae_unclassified"
"Otu00633",95,"Bacteria","Firmicutes","Clostridia","Oscillospirales","Ruminococcaceae","Ruminococcaceae_unclassified"
"Otu00634",94,"Bacteria","Firmicutes","Clostridia","Oscillospirales","Oscillospiraceae","Oscillospiraceae_unclassified"
"Otu00635",94,"Bacteria","Firmicutes","Clostridia","Oscillospirales","Oscillospiraceae","Oscillospiraceae_unclassified"
"Otu00636",94,"Bacteria","Firmicutes","Clostridia","Oscillospirales","Ruminococcaceae","Ruminococcaceae_unclassified"
"Otu00637",93,"Bacteria","Firmicutes","Clostridia","Lachnospirales","Lachnospiraceae","Lachnospiraceae_unclassified"
"Otu00638",93,"Bacteria","Proteobacteria","Gammaproteobacteria","Burkholderiales","Oxalobacteraceae","Oxalobacteraceae_unclassified"
"Otu00639",93,"Bacteria","Firmicutes","Clostridia","Clostridiales","Clostridiaceae","Clostridiaceae_unclassified"
"Otu00640",93,"Bacteria","Firmicutes","Clostridia","Clostridiales","Clostridiaceae","Clostridiaceae_unclassified"
"Otu00642",92,"Bacteria","Bacteroidota","Bacteroidia","Bacteroidales","Bacteroidaceae","Bacteroides"
"Otu00643",92,"Bacteria","Firmicutes","Clostridia","Oscillospirales","Ruminococcaceae","Ruminococcaceae_unclassified"
"Otu00644",92,"Bacteria","Firmicutes","Clostridia","Lachnospirales","Lachnospiraceae","Lachnospiraceae_unclassified"
"Otu00646",91,"Bacteria","Firmicutes","Clostridia","Clostridia_unclassified","Clostridia_unclassified","Clostridia_unclassified"
"Otu00647",91,"Bacteria","Bacteroidota","Bacteroidia","Bacteroidales","Bacteroidaceae","Bacteroides"
"Otu00648",91,"Bacteria","Firmicutes","Clostridia","Lachnospirales","Lachnospiraceae","Lachnospiraceae_unclassified"
"Otu00649",90,"Bacteria","Bacteroidota","Bacteroidia","Bacteroidales","Marinifilaceae","Butyricimonas"
"Otu00650",90,"Bacteria","Firmicutes","Bacilli","Bacillales","Planococcaceae","Chryseomicrobium"
"Otu00651",89,"Bacteria","Firmicutes","Clostridia","Oscillospirales","Ruminococcaceae","Paludicola"
"Otu00653",88,"Bacteria","Proteobacteria","Gammaproteobacteria","Pseudomonadales","Spongiibacteraceae","BD1-7_clade"
"Otu00654",88,"Bacteria","Proteobacteria","Gammaproteobacteria","Pseudomonadales","Halomonadaceae","Salinicola"
"Otu00655",87,"Bacteria","Firmicutes","Clostridia","Peptostreptococcales-Tissierellales","Peptostreptococcaceae","Romboutsia"
"Otu00656",87,"Bacteria","Firmicutes","Clostridia","Lachnospirales","Lachnospiraceae","Lachnospiraceae_unclassified"
"Otu00657",87,"Bacteria","Firmicutes","Clostridia","Oscillospirales","Oscillospirales_fa","Hydrogenoanaerobacterium"
"Otu00658",87,"Bacteria","Firmicutes","Clostridia","Peptostreptococcales-Tissierellales","Peptostreptococcaceae","Peptostreptococcaceae_unclassified"
"Otu00659",87,"Bacteria","Bacteroidota","Bacteroidia","Bacteroidales","Rikenellaceae","Rikenella"
"Otu00660",87,"Bacteria","Firmicutes","Negativicutes","Veillonellales-Selenomonadales","Veillonellales-Selenomonadales_unclassified","Veillonellales-Selenomonadales_unclassified"
"Otu00661",87,"Bacteria","Firmicutes","Clostridia","Peptostreptococcales-Tissierellales","Peptostreptococcaceae","Peptostreptococcaceae_unclassified"
"Otu00662",87,"Bacteria","Firmicutes","Clostridia","Clostridiales","Clostridiaceae","Clostridiaceae_unclassified"
"Otu00663",86,"Bacteria","Firmicutes","Bacilli","Erysipelotrichales","Erysipelotrichaceae","Erysipelotrichaceae_unclassified"
"Otu00664",86,"Bacteria","Firmicutes","Clostridia","Clostridiales","Clostridiaceae","Clostridiaceae_unclassified"
"Otu00665",86,"Bacteria","Bacteroidota","Bacteroidia","Bacteroidales","Rikenellaceae","Rikenellaceae_unclassified"
"Otu00666",86,"Bacteria","Verrucomicrobiota","Lentisphaeria","Victivallales","Victivallaceae","Victivallaceae_ge"
"Otu00667",85,"Bacteria","Actinobacteriota","Actinobacteria","Frankiales","Sporichthyaceae","hgcI_clade"
"Otu00668",85,"Bacteria","Proteobacteria","Gammaproteobacteria","Burkholderiales","B1-7BS","B1-7BS_ge"
"Otu00669",85,"Bacteria","Proteobacteria","Gammaproteobacteria","Burkholderiales","Burkholderiaceae","Cupriavidus"
"Otu00673",84,"Bacteria","Bacteroidota","Bacteroidia","Bacteroidales","Marinifilaceae","Odoribacter"
"Otu00675",84,"Bacteria","Firmicutes","Clostridia","Clostridiales","Clostridiaceae","Clostridiaceae_unclassified"
"Otu00676",84,"Bacteria","Firmicutes","Clostridia","Oscillospirales","Ruminococcaceae","Paludicola"
"Otu00677",84,"Bacteria","Firmicutes","Clostridia","Clostridiales","Clostridiaceae","Clostridiaceae_unclassified"
"Otu00678",83,"Bacteria","Bacteroidota","Bacteroidia","Chitinophagales","Chitinophagaceae","Sediminibacterium"
"Otu00679",83,"Bacteria","Firmicutes","Clostridia","Christensenellales","Christensenellaceae","Christensenellaceae_R-7_group"
"Otu00680",83,"Bacteria","Actinobacteriota","Coriobacteriia","Coriobacteriia_unclassified","Coriobacteriia_unclassified","Coriobacteriia_unclassified"
"Otu00681",83,"Bacteria","Proteobacteria","Gammaproteobacteria","Burkholderiales","Comamonadaceae","Schlegelella"
"Otu00682",83,"Bacteria","Firmicutes","Clostridia","Peptostreptococcales-Tissierellales","Peptostreptococcaceae","Peptostreptococcaceae_unclassified"
"Otu00683",83,"Bacteria","Desulfobacterota","Desulfovibrionia","Desulfovibrionales","Desulfovibrionaceae","Bilophila"
"Otu00684",82,"Bacteria","Firmicutes","Clostridia","Clostridiales","Clostridiaceae","Clostridiaceae_unclassified"
"Otu00685",82,"Bacteria","Firmicutes","Clostridia","Peptostreptococcales-Tissierellales","Sedimentibacteraceae","Sedimentibacter"
"Otu00686",82,"Bacteria","Proteobacteria","Proteobacteria_unclassified","Proteobacteria_unclassified","Proteobacteria_unclassified","Proteobacteria_unclassified"
"Otu00687",82,"Bacteria","Firmicutes","Clostridia","Clostridia_unclassified","Clostridia_unclassified","Clostridia_unclassified"
"Otu00688",82,"Bacteria","Firmicutes","Clostridia","Clostridiales","Clostridiaceae","Clostridiaceae_unclassified"
"Otu00689",82,"Bacteria","Desulfobacterota","Desulfovibrionia","Desulfovibrionales","Desulfovibrionaceae","Desulfovibrio"
"Otu00690",82,"Bacteria","Firmicutes","Bacilli","Lactobacillales","Lactobacillales_unclassified","Lactobacillales_unclassified"
"Otu00691",81,"Bacteria","Firmicutes","Clostridia","Oscillospirales","Ruminococcaceae","uncultured"
"Otu00692",81,"Bacteria","Bacteroidota","Bacteroidia","Bacteroidales","Marinifilaceae","Odoribacter"
"Otu00693",81,"Bacteria","Proteobacteria","Gammaproteobacteria","Diplorickettsiales","Diplorickettsiaceae","Aquicella"
"Otu00694",81,"Bacteria","Firmicutes","Clostridia","Peptostreptococcales-Tissierellales","Anaerovoracaceae","Anaerovoracaceae_unclassified"
"Otu00696",81,"Bacteria","Actinobacteriota","Actinobacteria","Micromonosporales","Micromonosporaceae","Micromonospora"
"Otu00697",80,"Bacteria","Proteobacteria","Gammaproteobacteria","Enterobacterales","Enterobacterales_unclassified","Enterobacterales_unclassified"
"Otu00698",80,"Bacteria","Firmicutes","Clostridia","Clostridia_vadinBB60_group","Clostridia_vadinBB60_group_fa","Clostridia_vadinBB60_group_ge"
"Otu00700",80,"Bacteria","Firmicutes","Clostridia","Clostridiales","Clostridiaceae","Clostridium_sensu_stricto_1"
"Otu00701",80,"Bacteria","Proteobacteria","Gammaproteobacteria","Xanthomonadales","Xanthomonadaceae","Arenimonas"
"Otu00702",80,"Bacteria","Proteobacteria","Gammaproteobacteria","Enterobacterales","Enterobacteriaceae","Enterobacteriaceae_unclassified"
"Otu00703",80,"Bacteria","Proteobacteria","Gammaproteobacteria","Enterobacterales","Enterobacterales_unclassified","Enterobacterales_unclassified"
"Otu00704",80,"Bacteria","Bacteroidota","Bacteroidia","Sphingobacteriales","Sphingobacteriaceae","Pedobacter"
"Otu00705",79,"Bacteria","Bacteroidota","Bacteroidia","Bacteroidales","Prolixibacteraceae","BSV13"
"Otu00707",79,"Bacteria","Firmicutes","Clostridia","Clostridiales","Clostridiaceae","Clostridiaceae_unclassified"
"Otu00708",79,"Bacteria","Firmicutes","Clostridia","Clostridiales","Clostridiaceae","Clostridiaceae_unclassified"
"Otu00709",79,"Bacteria","Firmicutes","Clostridia","Christensenellales","Christensenellaceae","Christensenellaceae_R-7_group"
"Otu00710",78,"Bacteria","Bacteroidota","Bacteroidia","Bacteroidales","Rikenellaceae","Alistipes"
"Otu00711",78,"Bacteria","Firmicutes","Clostridia","Peptostreptococcales-Tissierellales","Peptostreptococcaceae","Peptostreptococcaceae_unclassified"
"Otu00712",78,"Bacteria","Planctomycetota","Planctomycetes","Pirellulales","Pirellulaceae","Pirellulaceae_unclassified"
"Otu00713",78,"Bacteria","Firmicutes","Clostridia","Oscillospirales","Oscillospirales_fa","Hydrogenoanaerobacterium"
"Otu00715",77,"Bacteria","Firmicutes","Clostridia","Lachnospirales","Lachnospiraceae","Lachnospiraceae_unclassified"
"Otu00716",77,"Bacteria","Firmicutes","Clostridia","Clostridiales","Clostridiaceae","Clostridiaceae_unclassified"
"Otu00717",77,"Bacteria","Firmicutes","Firmicutes_unclassified","Firmicutes_unclassified","Firmicutes_unclassified","Firmicutes_unclassified"
"Otu00718",77,"Bacteria","Firmicutes","Clostridia","Clostridia_vadinBB60_group","Clostridia_vadinBB60_group_fa","Clostridia_vadinBB60_group_ge"
"Otu00719",77,"Bacteria","Proteobacteria","Gammaproteobacteria","Burkholderiales","Comamonadaceae","Comamonadaceae_unclassified"
"Otu00720",77,"Bacteria","Proteobacteria","Gammaproteobacteria","Salinisphaerales","Solimonadaceae","Alkanibacter"
"Otu00721",76,"Bacteria","Proteobacteria","Alphaproteobacteria","Sphingomonadales","Sphingomonadaceae","Rhizorhapis"
"Otu00723",76,"Bacteria","Proteobacteria","Gammaproteobacteria","Burkholderiales","Burkholderiales_unclassified","Burkholderiales_unclassified"
"Otu00727",75,"Bacteria","Proteobacteria","Gammaproteobacteria","Pseudomonadales","Moraxellaceae","Perlucidibaca"
"Otu00728",75,"Bacteria","Proteobacteria","Gammaproteobacteria","Salinisphaerales","Solimonadaceae","uncultured"
"Otu00729",75,"Bacteria","Firmicutes","Bacilli","Exiguobacterales","Exiguobacteraceae","Exiguobacterium"
"Otu00730",75,"Bacteria","Proteobacteria","Gammaproteobacteria","Burkholderiales","Comamonadaceae","Comamonadaceae_unclassified"
"Otu00731",74,"Bacteria","Firmicutes","Clostridia","Oscillospirales","Ruminococcaceae","Ruminococcaceae_unclassified"
"Otu00732",74,"Bacteria","Firmicutes","Clostridia","Oscillospirales","Oscillospiraceae","Oscillospiraceae_unclassified"
"Otu00733",74,"Bacteria","Firmicutes","Clostridia","Oscillospirales","Ruminococcaceae","Anaerotruncus"
"Otu00734",74,"Bacteria","Bacteroidota","Bacteroidia","Bacteroidales","Bacteroidaceae","Bacteroides"
"Otu00735",73,"Bacteria","Firmicutes","Clostridia","Peptostreptococcales-Tissierellales","Peptostreptococcales-Tissierellales_unclassified","Peptostreptococcales-Tissierellales_unclassified"
"Otu00736",73,"Bacteria","Proteobacteria","Gammaproteobacteria","Steroidobacterales","Steroidobacteraceae","uncultured"
"Otu00737",73,"Bacteria","Bacteroidota","Bacteroidia","Flavobacteriales","Weeksellaceae","Chryseobacterium"
"Otu00738",73,"Bacteria","Proteobacteria","Gammaproteobacteria","Burkholderiales","Comamonadaceae","Comamonadaceae_unclassified"
"Otu00739",73,"Bacteria","Firmicutes","Clostridia","Clostridia_unclassified","Clostridia_unclassified","Clostridia_unclassified"
"Otu00740",72,"Bacteria","Actinobacteriota","Actinobacteria","Corynebacteriales","Corynebacteriaceae","Corynebacterium"
"Otu00741",72,"Bacteria","Proteobacteria","Gammaproteobacteria","Burkholderiales","Nitrosomonadaceae","MND1"
"Otu00742",72,"Bacteria","Proteobacteria","Gammaproteobacteria","Burkholderiales","Sutterellaceae","AAP99"
"Otu00743",72,"Bacteria","Proteobacteria","Gammaproteobacteria","Enterobacterales","Enterobacteriaceae","Enterobacteriaceae_unclassified"
"Otu00744",72,"Bacteria","Firmicutes","Clostridia","Clostridiales","Clostridiaceae","Clostridiaceae_unclassified"
"Otu00745",72,"Bacteria","Firmicutes","Clostridia","Oscillospirales","Oscillospirales_unclassified","Oscillospirales_unclassified"
"Otu00746",72,"Bacteria","Firmicutes","Clostridia","Oscillospirales","Ruminococcaceae","Ruminococcaceae_unclassified"
"Otu00747",72,"Bacteria","Firmicutes","Clostridia","Peptostreptococcales-Tissierellales","Peptostreptococcaceae","Peptostreptococcaceae_unclassified"
"Otu00748",71,"Bacteria","Actinobacteriota","Actinobacteria","Micrococcales","Micrococcaceae","Paenarthrobacter"
"Otu00750",71,"Bacteria","Firmicutes","Clostridia","Clostridia_unclassified","Clostridia_unclassified","Clostridia_unclassified"
"Otu00751",71,"Bacteria","Firmicutes","Clostridia","Clostridiales","Clostridiaceae","Clostridiaceae_unclassified"
"Otu00752",71,"Bacteria","Firmicutes","Clostridia","Peptococcales","Peptococcaceae","Peptococcus"
"Otu00753",70,"Bacteria","Firmicutes","Bacilli","Paenibacillales","Paenibacillaceae","Paenibacillus"
"Otu00754",70,"Bacteria","Firmicutes","Clostridia","Oscillospirales","Oscillospirales_unclassified","Oscillospirales_unclassified"
"Otu00755",70,"Bacteria","Firmicutes","Clostridia","Clostridia_unclassified","Clostridia_unclassified","Clostridia_unclassified"
"Otu00756",70,"Bacteria","Planctomycetota","Planctomycetes","Pirellulales","Pirellulaceae","uncultured"
"Otu00757",70,"Bacteria","Bacteroidota","Bacteroidia","Cytophagales","Spirosomaceae","Arcicella"
"Otu00758",70,"Bacteria","Firmicutes","Clostridia","Clostridiales","Clostridiaceae","Clostridium_sensu_stricto_1"
"Otu00759",70,"Bacteria","Firmicutes","Clostridia","Clostridiales","Clostridiaceae","Clostridiaceae_unclassified"
"Otu00760",70,"Bacteria","Synergistota","Synergistia","Synergistales","Synergistaceae","Synergistaceae_unclassified"
"Otu00761",70,"Bacteria","Firmicutes","Clostridia","Clostridiales","Clostridiaceae","Clostridiaceae_unclassified"
"Otu00762",70,"Bacteria","Firmicutes","Clostridia","Peptostreptococcales-Tissierellales","Peptostreptococcales-Tissierellales_unclassified","Peptostreptococcales-Tissierellales_unclassified"
"Otu00763",70,"Bacteria","Proteobacteria","Gammaproteobacteria","Burkholderiales","Burkholderiales_unclassified","Burkholderiales_unclassified"
"Otu00764",69,"Bacteria","Actinobacteriota","Actinobacteria","Micrococcales","Promicromonosporaceae","Promicromonospora"
"Otu00765",69,"Bacteria","Bacteroidota","Bacteroidia","Bacteroidia_unclassified","Bacteroidia_unclassified","Bacteroidia_unclassified"
"Otu00766",69,"Bacteria","Firmicutes","Bacilli","Erysipelotrichales","Erysipelotrichaceae","Erysipelotrichaceae_unclassified"
"Otu00767",69,"Bacteria","Cyanobacteria","Vampirivibrionia","Gastranaerophilales","Gastranaerophilales_fa","Gastranaerophilales_ge"
"Otu00768",69,"Bacteria","Firmicutes","Clostridia","Oscillospirales","Ruminococcaceae","Incertae_Sedis"
"Otu00770",69,"Bacteria","Firmicutes","Bacilli","Erysipelotrichales","Erysipelotrichaceae","Turicibacter"
"Otu00771",69,"Bacteria","Firmicutes","Clostridia","Clostridiales","Clostridiaceae","Clostridiaceae_unclassified"
"Otu00772",69,"Bacteria","Actinobacteriota","Coriobacteriia","Coriobacteriales","Eggerthellaceae","Eggerthella"
"Otu00773",68,"Bacteria","Actinobacteriota","Actinobacteria","Micrococcales","Microbacteriaceae","Leucobacter"
"Otu00774",68,"Bacteria","Firmicutes","Clostridia","Clostridiales","Clostridiaceae","Clostridiaceae_unclassified"
"Otu00776",68,"Bacteria","Bacteroidota","Bacteroidia","Cytophagales","Cytophagaceae","Rhodocytophaga"
"Otu00777",68,"Bacteria","Firmicutes","Clostridia","Peptostreptococcales-Tissierellales","Anaerovoracaceae","Anaerovoracaceae_ge"
"Otu00778",67,"Bacteria","Firmicutes","Clostridia","Lachnospirales","Lachnospiraceae","Lachnospiraceae_unclassified"
"Otu00779",67,"Bacteria","Firmicutes","Clostridia","Peptostreptococcales-Tissierellales","Peptostreptococcales-Tissierellales_unclassified","Peptostreptococcales-Tissierellales_unclassified"
"Otu00780",67,"Bacteria","Firmicutes","Clostridia","Peptostreptococcales-Tissierellales","Peptostreptococcaceae","Romboutsia"
"Otu00781",67,"Bacteria","Firmicutes","Bacilli","Lactobacillales","Lactobacillales_unclassified","Lactobacillales_unclassified"
"Otu00782",67,"Bacteria","Firmicutes","Clostridia","Eubacteriales","Eubacteriaceae","Eubacterium"
"Otu00783",67,"Bacteria","Proteobacteria","Gammaproteobacteria","Gammaproteobacteria_unclassified","Gammaproteobacteria_unclassified","Gammaproteobacteria_unclassified"
"Otu00784",67,"Bacteria","Firmicutes","Clostridia","Lachnospirales","Lachnospiraceae","Epulopiscium"
"Otu00785",67,"Bacteria","Firmicutes","Clostridia","Oscillospirales","Ruminococcaceae","Ruminococcaceae_unclassified"
"Otu00786",66,"Bacteria","Firmicutes","Clostridia","Clostridiales","Clostridiaceae","Clostridiaceae_unclassified"
"Otu00787",66,"Bacteria","Proteobacteria","Gammaproteobacteria","Burkholderiales","Comamonadaceae","Comamonadaceae_unclassified"
"Otu00788",66,"Bacteria","Firmicutes","Clostridia","Peptostreptococcales-Tissierellales","Anaerovoracaceae","Anaerovoracaceae_unclassified"
"Otu00789",66,"Bacteria","Firmicutes","Clostridia","Oscillospirales","UCG-010","UCG-010_ge"
"Otu00790",65,"Bacteria","Elusimicrobiota","Elusimicrobia","Elusimicrobiales","Elusimicrobiaceae","Elusimicrobium"
"Otu00791",65,"Bacteria","Firmicutes","Clostridia","Clostridiales","Clostridiaceae","Clostridiaceae_unclassified"
"Otu00792",65,"Bacteria","Firmicutes","Clostridia","Peptostreptococcales-Tissierellales","Peptostreptococcaceae","Peptostreptococcaceae_unclassified"
"Otu00793",65,"Bacteria","Firmicutes","Clostridia","Oscillospirales","Ruminococcaceae","Incertae_Sedis"
"Otu00794",64,"Bacteria","Firmicutes","Bacilli","Lactobacillales","Lactobacillaceae","Limosilactobacillus"
"Otu00795",64,"Bacteria","Proteobacteria","Gammaproteobacteria","Burkholderiales","Neisseriaceae","Neisseriaceae_unclassified"
"Otu00796",64,"Bacteria","Bacteroidota","Bacteroidia","Cytophagales","Microscillaceae","uncultured"
"Otu00797",64,"Bacteria","Firmicutes","Clostridia","Oscillospirales","Ruminococcaceae","Anaerotruncus"
"Otu00798",64,"Bacteria","Planctomycetota","Planctomycetota_unclassified","Planctomycetota_unclassified","Planctomycetota_unclassified","Planctomycetota_unclassified"
"Otu00799",64,"Bacteria","Firmicutes","Clostridia","Oscillospirales","Oscillospiraceae","Intestinimonas"
"Otu00800",64,"Bacteria","Actinobacteriota","Actinobacteria","Streptomycetales","Streptomycetaceae","Streptomyces"
"Otu00801",64,"Bacteria","Firmicutes","Clostridia","Lachnospirales","Lachnospiraceae","Lachnospiraceae_unclassified"
"Otu00802",63,"Bacteria","Firmicutes","Clostridia","Oscillospirales","Oscillospirales_unclassified","Oscillospirales_unclassified"
"Otu00803",63,"Bacteria","Desulfobacterota","Desulfovibrionia","Desulfovibrionales","Desulfovibrionaceae","Desulfovibrionaceae_unclassified"
"Otu00804",63,"Bacteria","Firmicutes","Negativicutes","Acidaminococcales","Acidaminococcaceae","Acidaminococcaceae_unclassified"
"Otu00805",63,"Bacteria","Firmicutes","Clostridia","Oscillospirales","Ruminococcaceae","Incertae_Sedis"
"Otu00806",63,"Bacteria","Firmicutes","Clostridia","Clostridia_unclassified","Clostridia_unclassified","Clostridia_unclassified"
"Otu00807",63,"Bacteria","Firmicutes","Clostridia","Lachnospirales","Lachnospiraceae","Lachnospiraceae_unclassified"
"Otu00809",62,"Bacteria","Proteobacteria","Gammaproteobacteria","Gammaproteobacteria_unclassified","Gammaproteobacteria_unclassified","Gammaproteobacteria_unclassified"
"Otu00810",62,"Bacteria","Bacteria_unclassified","Bacteria_unclassified","Bacteria_unclassified","Bacteria_unclassified","Bacteria_unclassified"
"Otu00811",62,"Bacteria","Firmicutes","Clostridia","Oscillospirales","Hungateiclostridiaceae","Hungateiclostridiaceae_unclassified"
"Otu00812",62,"Bacteria","Bacteroidota","Bacteroidia","Flavobacteriales","Weeksellaceae","Chryseobacterium"
"Otu00813",62,"Bacteria","Firmicutes","Clostridia","Clostridiales","Clostridiaceae","Clostridiaceae_unclassified"
"Otu00814",62,"Bacteria","Bacteroidota","Bacteroidia","Cytophagales","Hymenobacteraceae","Nibribacter"
"Otu00815",62,"Bacteria","Firmicutes","Clostridia","Peptostreptococcales-Tissierellales","Peptostreptococcaceae","Peptostreptococcaceae_unclassified"
"Otu00816",62,"Bacteria","Proteobacteria","Alphaproteobacteria","Rhizobiales","Rhizobiales_Incertae_Sedis","Rhizobiales_Incertae_Sedis_unclassified"
"Otu00817",62,"Bacteria","Firmicutes","Clostridia","Peptostreptococcales-Tissierellales","Peptostreptococcaceae","Peptostreptococcaceae_unclassified"
"Otu00818",62,"Bacteria","Firmicutes","Clostridia","Clostridiales","Clostridiaceae","Clostridiaceae_unclassified"
"Otu00819",62,"Bacteria","Verrucomicrobiota","Verrucomicrobiae","Pedosphaerales","Pedosphaeraceae","ADurb.Bin063-1"
"Otu00820",61,"Bacteria","Firmicutes","Bacilli","Erysipelotrichales","Erysipelatoclostridiaceae","Coprobacillus"
"Otu00821",61,"Bacteria","Firmicutes","Clostridia","Oscillospirales","Ruminococcaceae","Ruminococcaceae_unclassified"
"Otu00822",61,"Bacteria","Proteobacteria","Gammaproteobacteria","Burkholderiales","Burkholderiales_unclassified","Burkholderiales_unclassified"
"Otu00823",61,"Bacteria","Firmicutes","Clostridia","Lachnospirales","Lachnospiraceae","Lachnospiraceae_unclassified"
"Otu00824",61,"Bacteria","Firmicutes","Clostridia","Lachnospirales","Lachnospiraceae","Lachnospiraceae_unclassified"
"Otu00825",61,"Bacteria","Patescibacteria","Saccharimonadia","Saccharimonadales","LWQ8","LWQ8_ge"
"Otu00826",60,"Bacteria","Proteobacteria","Gammaproteobacteria","Enterobacterales","Enterobacteriaceae","Enterobacteriaceae_unclassified"
"Otu00827",60,"Bacteria","Firmicutes","Clostridia","Lachnospirales","Lachnospiraceae","Lachnoclostridium"
"Otu00828",60,"Bacteria","Bacteroidota","Bacteroidia","Bacteroidales","Bacteroidaceae","Bacteroides"
"Otu00829",60,"Bacteria","Proteobacteria","Gammaproteobacteria","Burkholderiales","Burkholderiaceae","Polynucleobacter"
"Otu00830",60,"Bacteria","Bacteroidota","Bacteroidia","Chitinophagales","Chitinophagaceae","Chitinophagaceae_unclassified"
"Otu00831",60,"Bacteria","Firmicutes","Clostridia","Clostridiales","Clostridiaceae","Clostridiaceae_unclassified"
"Otu00832",60,"Bacteria","Bacteroidota","Bacteroidia","Bacteroidales","Bacteroidaceae","Bacteroides"
"Otu00833",60,"Bacteria","Verrucomicrobiota","Omnitrophia","Omnitrophales","Omnitrophaceae","Candidatus_Omnitrophus"
"Otu00834",59,"Bacteria","Bacteroidota","Bacteroidia","Bacteroidales","Bacteroidales_unclassified","Bacteroidales_unclassified"
"Otu00835",59,"Bacteria","Firmicutes","Clostridia","Lachnospirales","Lachnospiraceae","Epulopiscium"
"Otu00836",59,"Bacteria","Myxococcota","Polyangia","Polyangiales","Polyangiaceae","Polyangiaceae_unclassified"
"Otu00837",59,"Bacteria","Firmicutes","Clostridia","Lachnospirales","Lachnospiraceae","Blautia"
"Otu00838",59,"Bacteria","Bacteroidota","Bacteroidia","Bacteroidales","Bacteroidaceae","Bacteroides"
"Otu00839",59,"Bacteria","Firmicutes","Bacilli","Erysipelotrichales","Erysipelotrichaceae","Erysipelotrichaceae_unclassified"
"Otu00840",58,"Bacteria","Proteobacteria","Alphaproteobacteria","Caulobacterales","Caulobacteraceae","Phenylobacterium"
"Otu00842",58,"Bacteria","Firmicutes","Clostridia","Lachnospirales","Lachnospiraceae","Lachnospiraceae_unclassified"
"Otu00843",58,"Bacteria","Actinobacteriota","Actinobacteria","Corynebacteriales","Corynebacteriaceae","Corynebacterium"
"Otu00844",58,"Bacteria","Proteobacteria","Gammaproteobacteria","Gammaproteobacteria_unclassified","Gammaproteobacteria_unclassified","Gammaproteobacteria_unclassified"
"Otu00845",58,"Bacteria","Bacteroidota","Bacteroidia","Flavobacteriales","Crocinitomicaceae","Fluviicola"
"Otu00846",58,"Bacteria","Firmicutes","Clostridia","Lachnospirales","Lachnospiraceae","Lachnospiraceae_unclassified"
"Otu00847",58,"Bacteria","Bacteroidota","Bacteroidia","Bacteroidales","Bacteroidales_unclassified","Bacteroidales_unclassified"
"Otu00848",58,"Bacteria","Bacteroidota","Bacteroidia","Bacteroidia_unclassified","Bacteroidia_unclassified","Bacteroidia_unclassified"
"Otu00849",58,"Bacteria","Fusobacteriota","Fusobacteriia","Fusobacteriales","Leptotrichiaceae","uncultured"
"Otu00850",57,"Bacteria","Firmicutes","Clostridia","Clostridiales","Clostridiaceae","Clostridiaceae_unclassified"
"Otu00851",57,"Bacteria","Actinobacteriota","Actinobacteria","Propionibacteriales","Propionibacteriaceae","Cutibacterium"
"Otu00852",57,"Bacteria","Proteobacteria","Gammaproteobacteria","Burkholderiales","Burkholderiales_unclassified","Burkholderiales_unclassified"
"Otu00853",57,"Bacteria","Proteobacteria","Gammaproteobacteria","Burkholderiales","Comamonadaceae","Comamonadaceae_unclassified"
"Otu00855",57,"Bacteria","Verrucomicrobiota","Verrucomicrobiae","Methylacidiphilales","Methylacidiphilaceae","uncultured"
"Otu00856",57,"Bacteria","Actinobacteriota","Thermoleophilia","Gaiellales","Gaiellaceae","Gaiella"
"Otu00857",57,"Bacteria","Firmicutes","Clostridia","Christensenellales","Christensenellaceae","Christensenellaceae_R-7_group"
"Otu00858",57,"Bacteria","Firmicutes","Clostridia","Clostridiales","Clostridiaceae","Clostridiaceae_unclassified"
"Otu00859",57,"Bacteria","Firmicutes","Clostridia","Oscillospirales","Oscillospirales_unclassified","Oscillospirales_unclassified"
"Otu00860",56,"Bacteria","Bacteroidota","Bacteroidia","Flavobacteriales","Flavobacteriaceae","Flavobacterium"
"Otu00861",56,"Bacteria","Firmicutes","Clostridia","Lachnospirales","Lachnospiraceae","Lachnospiraceae_unclassified"
"Otu00862",56,"Bacteria","Proteobacteria","Gammaproteobacteria","Salinisphaerales","Solimonadaceae","Hydrocarboniphaga"
"Otu00864",56,"Bacteria","Firmicutes","Clostridia","Oscillospirales","Oscillospirales_fa","Oscillospirales_ge"
"Otu00865",56,"Bacteria","Bacteroidota","Bacteroidia","Bacteroidales","Marinifilaceae","Odoribacter"
"Otu00866",56,"Bacteria","Bacteria_unclassified","Bacteria_unclassified","Bacteria_unclassified","Bacteria_unclassified","Bacteria_unclassified"
"Otu00867",56,"Bacteria","Firmicutes","Clostridia","Clostridia_vadinBB60_group","Clostridia_vadinBB60_group_fa","Clostridia_vadinBB60_group_ge"
"Otu00868",56,"Bacteria","Proteobacteria","Gammaproteobacteria","Enterobacterales","Enterobacterales_unclassified","Enterobacterales_unclassified"
"Otu00869",55,"Bacteria","Firmicutes","Clostridia","Clostridia_vadinBB60_group","Clostridia_vadinBB60_group_fa","Clostridia_vadinBB60_group_ge"
"Otu00870",55,"Bacteria","Bacteroidota","Bacteroidia","Cytophagales","Microscillaceae","OLB12"
"Otu00871",55,"Bacteria","Firmicutes","Clostridia","Clostridiales","Clostridiaceae","Clostridiaceae_unclassified"
"Otu00872",55,"Bacteria","Firmicutes","Clostridia","Oscillospirales","Oscillospirales_unclassified","Oscillospirales_unclassified"
"Otu00874",55,"Bacteria","Firmicutes","Bacilli","RF39","RF39_fa","RF39_ge"
"Otu00875",55,"Bacteria","Firmicutes","Clostridia","Lachnospirales","Lachnospiraceae","Lachnospiraceae_unclassified"
"Otu00876",55,"Bacteria","Firmicutes","Bacilli","Staphylococcales","Gemellaceae","Gemella"
"Otu00878",54,"Bacteria","Elusimicrobiota","Elusimicrobia","Lineage_IV","Lineage_IV_fa","Lineage_IV_ge"
"Otu00879",54,"Bacteria","Firmicutes","Negativicutes","Veillonellales-Selenomonadales","Sporomusaceae","Anaerosinus"
"Otu00880",54,"Bacteria","Proteobacteria","Alphaproteobacteria","Rhizobiales","A0839","A0839_ge"
"Otu00881",54,"Bacteria","Proteobacteria","Gammaproteobacteria","Pseudomonadales","Pseudomonadaceae","Pseudomonadaceae_unclassified"
"Otu00882",54,"Bacteria","Bacteroidota","Bacteroidia","Chitinophagales","Chitinophagaceae","Chitinophagaceae_unclassified"
"Otu00883",54,"Bacteria","Firmicutes","Clostridia","Clostridiales","Clostridiaceae","Clostridiaceae_unclassified"
"Otu00884",54,"Bacteria","Firmicutes","Clostridia","Clostridiales","Clostridiaceae","Clostridiaceae_unclassified"
"Otu00885",54,"Bacteria","Firmicutes","Clostridia","Clostridiales","Clostridiaceae","Clostridiaceae_unclassified"
"Otu00886",53,"Bacteria","Bacteria_unclassified","Bacteria_unclassified","Bacteria_unclassified","Bacteria_unclassified","Bacteria_unclassified"
"Otu00887",53,"Bacteria","Firmicutes","Clostridia","Peptostreptococcales-Tissierellales","Peptostreptococcaceae","Peptostreptococcaceae_unclassified"
"Otu00888",53,"Bacteria","Firmicutes","Clostridia","Lachnospirales","Lachnospiraceae","Lachnospiraceae_unclassified"
"Otu00890",53,"Bacteria","Bacteroidota","Bacteroidia","Chitinophagales","Chitinophagaceae","Chitinophagaceae_unclassified"
"Otu00891",53,"Bacteria","Actinobacteriota","Actinobacteria","Propionibacteriales","Nocardioidaceae","Nocardioides"
"Otu00892",53,"Bacteria","Proteobacteria","Gammaproteobacteria","Burkholderiales","Rhodocyclaceae","Sulfuritalea"
"Otu00893",53,"Bacteria","Proteobacteria","Gammaproteobacteria","Burkholderiales","Burkholderiales_unclassified","Burkholderiales_unclassified"
"Otu00894",53,"Bacteria","Firmicutes","Bacilli","Lactobacillales","Streptococcaceae","Floricoccus"
"Otu00895",53,"Bacteria","Firmicutes","Clostridia","Clostridia_unclassified","Clostridia_unclassified","Clostridia_unclassified"
"Otu00896",53,"Bacteria","Firmicutes","Clostridia","Oscillospirales","Oscillospiraceae","Oscillospiraceae_unclassified"
"Otu00898",52,"Bacteria","Actinobacteriota","Coriobacteriia","Coriobacteriales","Eggerthellaceae","Eggerthella"
"Otu00899",52,"Bacteria","Firmicutes","Clostridia","Clostridiales","Clostridiaceae","Clostridiaceae_unclassified"
"Otu00900",52,"Bacteria","Bacteria_unclassified","Bacteria_unclassified","Bacteria_unclassified","Bacteria_unclassified","Bacteria_unclassified"
"Otu00901",52,"Bacteria","Firmicutes","Clostridia","Oscillospirales","Ruminococcaceae","Ruminococcaceae_unclassified"
"Otu00902",52,"Bacteria","Proteobacteria","Gammaproteobacteria","CCM19a","CCM19a_fa","CCM19a_ge"
"Otu00903",52,"Bacteria","Chloroflexi","Chloroflexia","Kallotenuales","AKIW781","AKIW781_ge"
"Otu00905",52,"Bacteria","Proteobacteria","Gammaproteobacteria","Burkholderiales","Comamonadaceae","Comamonadaceae_unclassified"
"Otu00906",52,"Bacteria","Proteobacteria","Gammaproteobacteria","Enterobacterales","Enterobacterales_unclassified","Enterobacterales_unclassified"
"Otu00907",52,"Bacteria","Firmicutes","Clostridia","Lachnospirales","Lachnospiraceae","Lachnoclostridium"
"Otu00908",52,"Bacteria","Proteobacteria","Gammaproteobacteria","Enterobacterales","Enterobacterales_unclassified","Enterobacterales_unclassified"
"Otu00909",52,"Bacteria","Proteobacteria","Gammaproteobacteria","Enterobacterales","Enterobacteriaceae","Enterobacteriaceae_unclassified"
"Otu00910",52,"Bacteria","Firmicutes","Clostridia","Oscillospirales","Oscillospirales_unclassified","Oscillospirales_unclassified"
"Otu00911",52,"Bacteria","Proteobacteria","Gammaproteobacteria","Gammaproteobacteria_unclassified","Gammaproteobacteria_unclassified","Gammaproteobacteria_unclassified"
"Otu00912",51,"Bacteria","Planctomycetota","vadinHA49","vadinHA49_or","vadinHA49_fa","vadinHA49_ge"
"Otu00913",51,"Bacteria","Firmicutes","Clostridia","Lachnospirales","Lachnospiraceae","Lachnospiraceae_unclassified"
"Otu00914",51,"Bacteria","Firmicutes","Bacilli","Erysipelotrichales","Erysipelotrichaceae","Erysipelotrichaceae_unclassified"
"Otu00915",51,"Bacteria","Proteobacteria","Gammaproteobacteria","Pseudomonadales","Moraxellaceae","Perlucidibaca"
"Otu00916",51,"Bacteria","Bacteroidota","Bacteroidia","Chitinophagales","Chitinophagaceae","Chitinophagaceae_unclassified"
"Otu00917",51,"Bacteria","Actinobacteriota","Actinobacteria","Frankiales","Geodermatophilaceae","Blastococcus"
"Otu00918",51,"Bacteria","Firmicutes","Clostridia","Clostridia_unclassified","Clostridia_unclassified","Clostridia_unclassified"
"Otu00920",51,"Bacteria","Actinobacteriota","Actinobacteria","Frankiales","Sporichthyaceae","hgcI_clade"
"Otu00921",51,"Bacteria","Firmicutes","Clostridia","Lachnospirales","Lachnospiraceae","Anaerosporobacter"
"Otu00922",51,"Bacteria","Firmicutes","Clostridia","Oscillospirales","Ruminococcaceae","Ruminococcaceae_unclassified"
"Otu00923",51,"Bacteria","Proteobacteria","Gammaproteobacteria","Methylococcales","Methylomonadaceae","Crenothrix"
"Otu00924",51,"Bacteria","Proteobacteria","Gammaproteobacteria","Enterobacterales","Enterobacterales_unclassified","Enterobacterales_unclassified"
"Otu00925",51,"Bacteria","Bacteroidota","Bacteroidia","Cytophagales","Cyclobacteriaceae","Cesiribacter"
"Otu00926",51,"Bacteria","Bacteroidota","Bacteroidia","Bacteroidales","Rikenellaceae","Rikenellaceae_unclassified"
"Otu00927",51,"Bacteria","Firmicutes","Clostridia","Clostridiales","Clostridiaceae","Clostridiaceae_unclassified"
"Otu00928",51,"Bacteria","Firmicutes","Clostridia","Clostridia_unclassified","Clostridia_unclassified","Clostridia_unclassified"
"Otu00929",50,"Bacteria","Firmicutes","Clostridia","Clostridiales","Clostridiaceae","Clostridiaceae_unclassified"
"Otu00930",50,"Bacteria","Firmicutes","Clostridia","Clostridia_vadinBB60_group","Clostridia_vadinBB60_group_fa","Clostridia_vadinBB60_group_ge"
"Otu00931",50,"Bacteria","Bacteroidota","Bacteroidia","Bacteroidales","Bacteroidaceae","Bacteroides"
"Otu00932",50,"Bacteria","Bacteria_unclassified","Bacteria_unclassified","Bacteria_unclassified","Bacteria_unclassified","Bacteria_unclassified"
"Otu00933",50,"Bacteria","Firmicutes","Bacilli","Lactobacillales","Carnobacteriaceae","Alloiococcus"
"Otu00934",50,"Bacteria","Firmicutes","Clostridia","Lachnospirales","Lachnospiraceae","Lachnospiraceae_unclassified"
"Otu00935",50,"Bacteria","Proteobacteria","Alphaproteobacteria","Rhizobiales","Beijerinckiaceae","Beijerinckiaceae_unclassified"
"Otu00936",50,"Bacteria","Myxococcota","Polyangia","Haliangiales","Haliangiaceae","Haliangium"
"Otu00937",50,"Bacteria","Patescibacteria","Parcubacteria","Candidatus_Vogelbacteria","Candidatus_Vogelbacteria_fa","Candidatus_Vogelbacteria_ge"
"Otu00938",50,"Bacteria","Firmicutes","Clostridia","Clostridiales","Clostridiaceae","Clostridiaceae_unclassified"
"Otu00939",50,"Bacteria","Firmicutes","Clostridia","Oscillospirales","Oscillospirales_unclassified","Oscillospirales_unclassified"
"Otu00940",49,"Bacteria","Firmicutes","Clostridia","Oscillospirales","Ruminococcaceae","Ruminococcaceae_unclassified"
"Otu00941",49,"Bacteria","Proteobacteria","Gammaproteobacteria","R7C24","R7C24_fa","R7C24_ge"
"Otu00942",49,"Bacteria","Actinobacteriota","Actinobacteria","Actinomycetales","Actinomycetaceae","Actinomyces"
"Otu00943",49,"Bacteria","Firmicutes","Clostridia","Clostridia_unclassified","Clostridia_unclassified","Clostridia_unclassified"
"Otu00944",49,"Bacteria","Firmicutes","Clostridia","Clostridiales","Clostridiaceae","Clostridiaceae_unclassified"
"Otu00945",49,"Bacteria","Proteobacteria","Gammaproteobacteria","Enterobacterales","Hafniaceae","Edwardsiella"
"Otu00946",49,"Bacteria","Actinobacteriota","Actinobacteria","Corynebacteriales","Corynebacteriaceae","Corynebacterium"
"Otu00947",48,"Bacteria","Firmicutes","Clostridia","Clostridiales","Clostridiaceae","Clostridiaceae_unclassified"
"Otu00948",48,"Bacteria","Proteobacteria","Gammaproteobacteria","Acidiferrobacterales","Acidiferrobacteraceae","Sulfurifustis"
"Otu00949",48,"Bacteria","Proteobacteria","Gammaproteobacteria","Burkholderiales","Burkholderiales_unclassified","Burkholderiales_unclassified"
"Otu00950",48,"Bacteria","Firmicutes","Clostridia","Clostridiales","Clostridiaceae","Clostridiaceae_unclassified"
"Otu00951",48,"Bacteria","Proteobacteria","Gammaproteobacteria","Burkholderiales","Burkholderiales_unclassified","Burkholderiales_unclassified"
"Otu00952",48,"Bacteria","Firmicutes","Clostridia","Clostridiales","Clostridiaceae","Clostridiaceae_unclassified"
"Otu00953",48,"Bacteria","Firmicutes","Clostridia","Clostridia_unclassified","Clostridia_unclassified","Clostridia_unclassified"
"Otu00954",48,"Bacteria","Firmicutes","Clostridia","Christensenellales","Christensenellaceae","Christensenellaceae_R-7_group"
"Otu00955",48,"Bacteria","Firmicutes","Clostridia","Clostridiales","Clostridiaceae","Clostridiaceae_unclassified"
"Otu00956",48,"Bacteria","Cyanobacteria","Vampirivibrionia","Gastranaerophilales","Gastranaerophilales_fa","Gastranaerophilales_ge"
"Otu00957",48,"Bacteria","Firmicutes","Clostridia","Clostridiales","Clostridiaceae","Clostridiaceae_unclassified"
"Otu00958",48,"Bacteria","Firmicutes","Clostridia","Clostridiales","Clostridiaceae","Clostridiaceae_unclassified"
"Otu00959",47,"Bacteria","Proteobacteria","Gammaproteobacteria","Gammaproteobacteria_Incertae_Sedis","Unknown_Family","Candidatus_Berkiella"
"Otu00960",47,"Bacteria","Gemmatimonadota","Gemmatimonadetes","Gemmatimonadales","Gemmatimonadaceae","Roseisolibacter"
"Otu00961",47,"Bacteria","Proteobacteria","Alphaproteobacteria","Acetobacterales","Acetobacteraceae","Acetobacteraceae_unclassified"
"Otu00962",47,"Bacteria","Firmicutes","Clostridia","Clostridiales","Clostridiaceae","Clostridiaceae_unclassified"
"Otu00963",47,"Bacteria","Firmicutes","Clostridia","Clostridiales","Clostridiaceae","Clostridiaceae_unclassified"
"Otu00964",47,"Bacteria","Firmicutes","Clostridia","Clostridia_unclassified","Clostridia_unclassified","Clostridia_unclassified"
"Otu00965",47,"Bacteria","Bacteroidota","Bacteroidia","Cytophagales","Microscillaceae","OLB12"
"Otu00966",47,"Bacteria","Bacteroidota","Bacteroidia","Sphingobacteriales","Sphingobacteriaceae","Pedobacter"
"Otu00967",47,"Bacteria","Firmicutes","Firmicutes_unclassified","Firmicutes_unclassified","Firmicutes_unclassified","Firmicutes_unclassified"
"Otu00968",47,"Bacteria","Bacteroidota","Bacteroidia","Sphingobacteriales","Sphingobacteriaceae","Sphingobacterium"
"Otu00970",47,"Bacteria","Proteobacteria","Alphaproteobacteria","Rhizobiales","D05-2","D05-2_ge"
"Otu00971",47,"Bacteria","Bacteroidota","Bacteroidia","Bacteroidales","Rikenellaceae","Alistipes"
"Otu00973",46,"Bacteria","Firmicutes","Clostridia","Clostridia_unclassified","Clostridia_unclassified","Clostridia_unclassified"
"Otu00974",46,"Bacteria","Actinobacteriota","Coriobacteriia","Coriobacteriales","Eggerthellaceae","uncultured"
"Otu00975",46,"Bacteria","Chloroflexi","Anaerolineae","Anaerolineales","Anaerolineaceae","uncultured"
"Otu00976",46,"Bacteria","Firmicutes","Clostridia","Oscillospirales","Oscillospirales_unclassified","Oscillospirales_unclassified"
"Otu00977",46,"Bacteria","Planctomycetota","Planctomycetes","Pirellulales","Pirellulaceae","uncultured"
"Otu00978",46,"Bacteria","Firmicutes","Clostridia","Oscillospirales","Ruminococcaceae","Ruminococcaceae_unclassified"
"Otu00979",46,"Bacteria","Firmicutes","Clostridia","Oscillospirales","Ruminococcaceae","Ruminococcaceae_unclassified"
"Otu00980",46,"Bacteria","Proteobacteria","Gammaproteobacteria","Xanthomonadales","Xanthomonadaceae","Stenotrophomonas"
"Otu00981",46,"Bacteria","Firmicutes","Clostridia","Oscillospirales","Oscillospirales_unclassified","Oscillospirales_unclassified"
"Otu00982",46,"Bacteria","Actinobacteriota","Actinobacteria","Streptomycetales","Streptomycetaceae","Streptomyces"
"Otu00983",46,"Bacteria","Firmicutes","Bacilli","Lactobacillales","Aerococcaceae","Abiotrophia"
"Otu00984",46,"Bacteria","Bacteroidota","Bacteroidia","Bacteroidales","Rikenellaceae","Alistipes"
"Otu00985",45,"Bacteria","Firmicutes","Clostridia","Peptostreptococcales-Tissierellales","Family_XI","Anaerococcus"
"Otu00986",45,"Bacteria","Firmicutes","Clostridia","Peptostreptococcales-Tissierellales","Peptostreptococcales-Tissierellales_unclassified","Peptostreptococcales-Tissierellales_unclassified"
"Otu00987",45,"Bacteria","Firmicutes","Clostridia","Peptostreptococcales-Tissierellales","Peptostreptococcaceae","Peptostreptococcaceae_unclassified"
"Otu00988",45,"Bacteria","Actinobacteriota","Actinobacteria","Frankiales","Geodermatophilaceae","Geodermatophilus"
"Otu00989",45,"Bacteria","Firmicutes","Clostridia","Clostridia_unclassified","Clostridia_unclassified","Clostridia_unclassified"
"Otu00990",45,"Bacteria","Firmicutes","Clostridia","Clostridiales","Clostridiaceae","Clostridiaceae_unclassified"
"Otu00992",45,"Bacteria","Acidobacteriota","Vicinamibacteria","Vicinamibacterales","Vicinamibacteraceae","Vicinamibacteraceae_ge"
"Otu00993",45,"Bacteria","Proteobacteria","Gammaproteobacteria","Burkholderiales","Alcaligenaceae","Alcaligenaceae_ge"
"Otu00995",45,"Bacteria","Bacteroidota","Bacteroidia","Bacteroidales","Rikenellaceae","Rikenella"
"Otu00996",45,"Bacteria","Actinobacteriota","Actinobacteria","Micrococcales","Dermacoccaceae","Flexivirga"
"Otu00997",45,"Bacteria","Proteobacteria","Gammaproteobacteria","Enterobacterales","Enterobacterales_unclassified","Enterobacterales_unclassified"
"Otu00999",44,"Bacteria","Chloroflexi","Anaerolineae","Anaerolineae_unclassified","Anaerolineae_unclassified","Anaerolineae_unclassified"
"Otu01001",44,"Bacteria","Firmicutes","Clostridia","Peptostreptococcales-Tissierellales","Peptostreptococcaceae","Peptostreptococcaceae_unclassified"
"Otu01002",44,"Bacteria","Firmicutes","Clostridia","Peptococcales","Peptococcaceae","uncultured"
"Otu01003",44,"Bacteria","Bacteria_unclassified","Bacteria_unclassified","Bacteria_unclassified","Bacteria_unclassified","Bacteria_unclassified"
"Otu01005",44,"Bacteria","Firmicutes","Clostridia","Clostridiales","Clostridiaceae","Clostridiaceae_unclassified"
"Otu01006",44,"Bacteria","Firmicutes","Clostridia","Clostridiales","Clostridiaceae","Clostridiaceae_unclassified"
"Otu01007",44,"Bacteria","Proteobacteria","Gammaproteobacteria","Enterobacterales","Enterobacteriaceae","Enterobacteriaceae_unclassified"
"Otu01008",44,"Bacteria","Verrucomicrobiota","Verrucomicrobiae","Chthoniobacterales","Chthoniobacteraceae","Chthoniobacter"
"Otu01009",44,"Bacteria","Firmicutes","Negativicutes","Veillonellales-Selenomonadales","Selenomonadaceae","Zymophilus"
"Otu01010",44,"Bacteria","Desulfobacterota","Desulfovibrionia","Desulfovibrionales","Desulfovibrionaceae","Desulfovibrionaceae_unclassified"
"Otu01011",43,"Bacteria","Firmicutes","Clostridia","Oscillospirales","Ruminococcaceae","Anaerotruncus"
"Otu01012",43,"Bacteria","Firmicutes","Clostridia","Oscillospirales","Ruminococcaceae","uncultured"
"Otu01013",43,"Bacteria","Firmicutes","Clostridia","Peptostreptococcales-Tissierellales","Peptostreptococcaceae","Peptostreptococcaceae_unclassified"
"Otu01014",43,"Bacteria","Firmicutes","Clostridia","Peptostreptococcales-Tissierellales","Peptostreptococcales-Tissierellales_unclassified","Peptostreptococcales-Tissierellales_unclassified"
"Otu01015",43,"Bacteria","Bacteroidota","Bacteroidia","Sphingobacteriales","Sphingobacteriaceae","Sphingobacteriaceae_unclassified"
"Otu01016",43,"Bacteria","Proteobacteria","Gammaproteobacteria","Xanthomonadales","Xanthomonadaceae","Xanthomonadaceae_unclassified"
"Otu01018",43,"Bacteria","Proteobacteria","Alphaproteobacteria","Rhodobacterales","Rhodobacteraceae","Rhodobacteraceae_unclassified"
"Otu01019",43,"Bacteria","Bacteroidota","Bacteroidia","Flavobacteriales","NS9_marine_group","NS9_marine_group_ge"
"Otu01020",43,"Bacteria","Bacteroidota","Bacteroidia","Chitinophagales","Saprospiraceae","uncultured"
"Otu01021",43,"Bacteria","Firmicutes","Clostridia","Clostridia_unclassified","Clostridia_unclassified","Clostridia_unclassified"
"Otu01022",43,"Bacteria","Bacteroidota","Bacteroidia","Flavobacteriales","Weeksellaceae","Chryseobacterium"
"Otu01023",43,"Bacteria","Firmicutes","Clostridia","Oscillospirales","UCG-010","UCG-010_ge"
"Otu01024",43,"Bacteria","Firmicutes","Bacilli","Erysipelotrichales","Erysipelatoclostridiaceae","Erysipelatoclostridiaceae_unclassified"
"Otu01025",42,"Bacteria","Firmicutes","Bacilli","Mycoplasmatales","Mycoplasmataceae","Mycoplasma"
"Otu01026",42,"Bacteria","Firmicutes","Clostridia","Lachnospirales","Lachnospiraceae","Lachnospiraceae_unclassified"
"Otu01027",42,"Bacteria","Firmicutes","Clostridia","Clostridiales","Clostridiaceae","Clostridiaceae_unclassified"
"Otu01028",42,"Bacteria","Firmicutes","Clostridia","Clostridiales","Clostridiaceae","Clostridiaceae_unclassified"
"Otu01029",42,"Bacteria","Verrucomicrobiota","Verrucomicrobiae","Opitutales","Opitutaceae","Lacunisphaera"
"Otu01030",42,"Bacteria","Firmicutes","Clostridia","Lachnospirales","Lachnospiraceae","Lachnospiraceae_unclassified"
"Otu01031",42,"Bacteria","Proteobacteria","Gammaproteobacteria","Xanthomonadales","Xanthomonadaceae","Luteimonas"
"Otu01032",42,"Bacteria","Firmicutes","Clostridia","Clostridia_vadinBB60_group","Clostridia_vadinBB60_group_fa","Clostridia_vadinBB60_group_ge"
"Otu01033",42,"Bacteria","Firmicutes","Bacilli","Erysipelotrichales","Erysipelotrichales_unclassified","Erysipelotrichales_unclassified"
"Otu01034",42,"Bacteria","Bacteroidota","Bacteroidia","Cytophagales","Spirosomaceae","uncultured"
"Otu01035",42,"Bacteria","Verrucomicrobiota","Chlamydiae","Chlamydiales","cvE6","cvE6_ge"
"Otu01036",42,"Bacteria","Firmicutes","Clostridia","Oscillospirales","Oscillospiraceae","Oscillibacter"
"Otu01037",42,"Bacteria","Bacteroidota","Bacteroidia","Flavobacteriales","Weeksellaceae","Chryseobacterium"
"Otu01038",42,"Bacteria","Firmicutes","Negativicutes","Veillonellales-Selenomonadales","Veillonellaceae","Negativicoccus"
"Otu01039",42,"Bacteria","Bacteroidota","Bacteroidia","Bacteroidia_unclassified","Bacteroidia_unclassified","Bacteroidia_unclassified"
"Otu01040",42,"Bacteria","Firmicutes","Clostridia","Peptostreptococcales-Tissierellales","Peptostreptococcaceae","Romboutsia"
"Otu01041",42,"Bacteria","Firmicutes","Clostridia","Oscillospirales","Ruminococcaceae","Ruminococcaceae_unclassified"
"Otu01042",42,"Bacteria","Proteobacteria","Gammaproteobacteria","Burkholderiales","Comamonadaceae","Comamonadaceae_unclassified"
"Otu01043",42,"Bacteria","Proteobacteria","Gammaproteobacteria","Burkholderiales","Comamonadaceae","Comamonadaceae_unclassified"
"Otu01044",42,"Bacteria","Firmicutes","Clostridia","Clostridiales","Clostridiaceae","Clostridiaceae_unclassified"
"Otu01045",42,"Bacteria","Firmicutes","Clostridia","Clostridiales","Clostridiaceae","Clostridiaceae_unclassified"
"Otu01046",42,"Bacteria","Actinobacteriota","Coriobacteriia","Coriobacteriales","Eggerthellaceae","Eggerthella"
"Otu01047",42,"Bacteria","Firmicutes","uncultured","uncultured_or","uncultured_fa","uncultured_ge"
"Otu01048",41,"Bacteria","Proteobacteria","Alphaproteobacteria","SAR11_clade","Clade_III","Clade_III_ge"
"Otu01049",41,"Bacteria","Bacteroidota","Bacteroidia","Bacteroidales","Rikenellaceae","Rikenella"
"Otu01050",41,"Bacteria","Bacteroidota","Bacteroidia","Bacteroidales","Prevotellaceae","Prevotella"
"Otu01051",41,"Bacteria","Firmicutes","Clostridia","Lachnospirales","Lachnospiraceae","Lachnospiraceae_unclassified"
"Otu01052",41,"Bacteria","Acidobacteriota","Subgroup_22","Subgroup_22_or","Subgroup_22_fa","Subgroup_22_ge"
"Otu01053",41,"Bacteria","Firmicutes","Clostridia","Clostridiales","Clostridiaceae","Clostridium_sensu_stricto_7"
"Otu01054",41,"Bacteria","Firmicutes","Clostridia","Christensenellales","Christensenellaceae","Christensenellaceae_R-7_group"
"Otu01055",41,"Bacteria","Bacteroidota","Bacteroidia","Bacteroidales","Rikenellaceae","Alistipes"
"Otu01056",41,"Bacteria","Actinobacteriota","Actinobacteria","Micromonosporales","Micromonosporaceae","Micromonosporaceae_unclassified"
"Otu01057",41,"Bacteria","Firmicutes","Clostridia","Clostridiales","Clostridiaceae","Clostridiaceae_unclassified"
"Otu01058",41,"Bacteria","Firmicutes","Clostridia","Oscillospirales","Ruminococcaceae","Incertae_Sedis"
"Otu01059",41,"Bacteria","Nitrospirota","Nitrospiria","Nitrospirales","Nitrospiraceae","Nitrospira"
"Otu01060",40,"Bacteria","Firmicutes","Clostridia","Clostridiales","Clostridiaceae","Clostridiaceae_unclassified"
"Otu01061",40,"Bacteria","Firmicutes","Clostridia","Lachnospirales","Lachnospiraceae","Epulopiscium"
"Otu01062",40,"Bacteria","Firmicutes","Clostridia","Peptostreptococcales-Tissierellales","Peptostreptococcaceae","Peptostreptococcaceae_unclassified"
"Otu01063",40,"Bacteria","Bacteroidota","Bacteroidia","Chitinophagales","Chitinophagaceae","Chitinophagaceae_unclassified"
"Otu01064",40,"Bacteria","Proteobacteria","Gammaproteobacteria","Burkholderiales","Burkholderiales_unclassified","Burkholderiales_unclassified"
"Otu01065",40,"Bacteria","Firmicutes","Clostridia","Clostridiales","Clostridiaceae","Clostridiaceae_unclassified"
"Otu01066",40,"Bacteria","Firmicutes","Bacilli","Bacillales","Bacillaceae","Bacillaceae_unclassified"
"Otu01067",40,"Bacteria","Firmicutes","Clostridia","Oscillospirales","Oscillospirales_unclassified","Oscillospirales_unclassified"
"Otu01068",40,"Bacteria","Bacteroidota","Bacteroidia","Chitinophagales","Chitinophagaceae","Chitinophagaceae_unclassified"
"Otu01069",40,"Bacteria","Bacteroidota","Bacteroidia","Bacteroidales","Bacteroidaceae","Bacteroides"
"Otu01070",40,"Bacteria","Proteobacteria","Gammaproteobacteria","Burkholderiales","Comamonadaceae","uncultured"
"Otu01071",40,"Bacteria","Proteobacteria","Alphaproteobacteria","Rhizobiales","Xanthobacteraceae","Pseudolabrys"
"Otu01072",40,"Bacteria","Firmicutes","Clostridia","Christensenellales","Christensenellaceae","Christensenellaceae_R-7_group"
"Otu01073",40,"Bacteria","Verrucomicrobiota","Verrucomicrobiae","Pedosphaerales","Pedosphaeraceae","Pedosphaeraceae_unclassified"
"Otu01074",40,"Bacteria","Firmicutes","Clostridia","Christensenellales","Christensenellaceae","Christensenellaceae_ge"
"Otu01076",40,"Bacteria","Firmicutes","Clostridia","Lachnospirales","Lachnospiraceae","Lachnospiraceae_unclassified"
"Otu01077",40,"Bacteria","Firmicutes","Clostridia","Clostridiales","Clostridiaceae","Clostridiaceae_unclassified"
"Otu01078",40,"Bacteria","Verrucomicrobiota","Verrucomicrobiae","Pedosphaerales","Pedosphaeraceae","Pedosphaeraceae_unclassified"
"Otu01080",40,"Bacteria","Firmicutes","Clostridia","Peptostreptococcales-Tissierellales","Peptostreptococcaceae","Peptostreptococcaceae_unclassified"
"Otu01081",40,"Bacteria","Bacteroidota","Bacteroidia","Sphingobacteriales","Sphingobacteriaceae","Sphingobacteriaceae_unclassified"
"Otu01082",40,"Bacteria","Firmicutes","Clostridia","Peptostreptococcales-Tissierellales","Anaerovoracaceae","Anaerovoracaceae_unclassified"
"Otu01083",39,"Bacteria","Bacteroidota","Bacteroidia","Bacteroidales","Rikenellaceae","Rikenellaceae_unclassified"
"Otu01084",39,"Bacteria","Bacteroidota","Bacteroidia","Chitinophagales","Chitinophagaceae","Terrimonas"
"Otu01087",39,"Bacteria","Bacteroidota","Bacteroidia","Chitinophagales","Saprospiraceae","Phaeodactylibacter"
"Otu01088",39,"Bacteria","Proteobacteria","Gammaproteobacteria","Gammaproteobacteria_unclassified","Gammaproteobacteria_unclassified","Gammaproteobacteria_unclassified"
"Otu01089",39,"Bacteria","Proteobacteria","Gammaproteobacteria","Salinisphaerales","Solimonadaceae","uncultured"
"Otu01090",39,"Bacteria","Proteobacteria","Alphaproteobacteria","Sphingomonadales","Sphingomonadaceae","Sphingomonas"
"Otu01091",39,"Bacteria","Firmicutes","Clostridia","Oscillospirales","Ruminococcaceae","Ruminococcaceae_unclassified"
"Otu01092",39,"Bacteria","Firmicutes","Bacilli","Thermoactinomycetales","Thermoactinomycetaceae","Shimazuella"
"Otu01093",39,"Bacteria","Firmicutes","Clostridia","Clostridiales","Clostridiaceae","Clostridiaceae_unclassified"
"Otu01094",39,"Bacteria","Firmicutes","Clostridia","Oscillospirales","Ruminococcaceae","Paludicola"
"Otu01095",39,"Bacteria","Proteobacteria","Gammaproteobacteria","Enterobacterales","Enterobacterales_unclassified","Enterobacterales_unclassified"
"Otu01096",39,"Bacteria","Proteobacteria","Gammaproteobacteria","Enterobacterales","Enterobacterales_unclassified","Enterobacterales_unclassified"
"Otu01097",39,"Bacteria","Proteobacteria","Gammaproteobacteria","Burkholderiales","Oxalobacteraceae","Massilia"
"Otu01098",38,"Bacteria","Bacteroidota","Bacteroidia","Bacteroidales","Marinifilaceae","Odoribacter"
"Otu01099",38,"Bacteria","Actinobacteriota","Actinobacteria","Propionibacteriales","Nocardioidaceae","Nocardioides"
"Otu01100",38,"Bacteria","Proteobacteria","Alphaproteobacteria","Rhodobacterales","Rhodobacteraceae","Rhodobacteraceae_unclassified"
"Otu01102",38,"Bacteria","Bacteroidota","Bacteroidia","Bacteroidales","Bacteroidales_unclassified","Bacteroidales_unclassified"
"Otu01103",38,"Bacteria","Firmicutes","Clostridia","Peptostreptococcales-Tissierellales","Peptostreptococcaceae","Peptostreptococcaceae_unclassified"
"Otu01104",38,"Bacteria","Chloroflexi","Anaerolineae","Caldilineales","Caldilineaceae","uncultured"
"Otu01105",38,"Bacteria","Proteobacteria","Gammaproteobacteria","Pseudomonadales","Moraxellaceae","Alkanindiges"
"Otu01106",38,"Bacteria","Bacteroidota","Bacteroidia","Flavobacteriales","Flavobacteriaceae","Flavobacterium"
"Otu01107",38,"Bacteria","Actinobacteriota","Acidimicrobiia","Microtrichales","Ilumatobacteraceae","CL500-29_marine_group"
"Otu01109",38,"Bacteria","Desulfobacterota","Desulfovibrionia","Desulfovibrionales","Desulfovibrionaceae","Bilophila"
"Otu01110",38,"Bacteria","Myxococcota","Myxococcia","Myxococcales","Myxococcaceae","Myxococcaceae_unclassified"
"Otu01111",38,"Bacteria","Firmicutes","Clostridia","Clostridia_unclassified","Clostridia_unclassified","Clostridia_unclassified"
"Otu01112",38,"Bacteria","Firmicutes","Clostridia","Clostridiales","Clostridiaceae","Clostridiaceae_unclassified"
"Otu01113",38,"Bacteria","Actinobacteriota","Acidimicrobiia","Microtrichales","Ilumatobacteraceae","CL500-29_marine_group"
"Otu01114",38,"Bacteria","Firmicutes","Clostridia","Clostridiales","Clostridiaceae","Clostridiaceae_unclassified"
"Otu01115",38,"Bacteria","Firmicutes","Clostridia","Clostridiales","Clostridiaceae","Clostridiaceae_unclassified"
"Otu01116",38,"Bacteria","Verrucomicrobiota","Verrucomicrobiae","Pedosphaerales","Pedosphaeraceae","SH3-11"
"Otu01117",38,"Bacteria","Bacteroidota","Bacteroidia","Sphingobacteriales","AKYH767","AKYH767_ge"
"Otu01118",38,"Bacteria","Proteobacteria","Gammaproteobacteria","Xanthomonadales","Xanthomonadaceae","Xanthomonadaceae_unclassified"
"Otu01119",38,"Bacteria","Firmicutes","Clostridia","Clostridiales","Clostridiaceae","Clostridiaceae_unclassified"
"Otu01120",37,"Bacteria","Firmicutes","Clostridia","Clostridia_unclassified","Clostridia_unclassified","Clostridia_unclassified"
"Otu01121",37,"Bacteria","Firmicutes","Clostridia","Clostridiales","Clostridiaceae","Clostridium_sensu_stricto_5"
"Otu01122",37,"Bacteria","Bacteroidota","Bacteroidia","Bacteroidales","Marinifilaceae","Odoribacter"
"Otu01123",37,"Bacteria","Bacteroidota","Bacteroidia","Bacteroidales","Bacteroidales_unclassified","Bacteroidales_unclassified"
"Otu01124",37,"Bacteria","Bacteroidota","Bacteroidia","Bacteroidales","Bacteroidaceae","Bacteroides"
"Otu01126",37,"Bacteria","Bacteroidota","Bacteroidia","Bacteroidales","Bacteroidales_unclassified","Bacteroidales_unclassified"
"Otu01127",37,"Bacteria","Bacteroidota","Bacteroidia","Bacteroidales","Prevotellaceae","Prevotella_7"
"Otu01130",37,"Bacteria","Firmicutes","Clostridia","Peptostreptococcales-Tissierellales","Anaerovoracaceae","Anaerovorax"
"Otu01131",37,"Bacteria","Proteobacteria","Alphaproteobacteria","Rhizobiales","Beijerinckiaceae","Microvirga"
"Otu01133",37,"Bacteria","Proteobacteria","Gammaproteobacteria","Burkholderiales","Nitrosomonadaceae","DSSD61"
"Otu01134",37,"Bacteria","Planctomycetota","OM190","OM190_or","OM190_fa","OM190_ge"
"Otu01136",36,"Bacteria","Firmicutes","Clostridia","Lachnospirales","Lachnospiraceae","Lachnospiraceae_unclassified"
"Otu01137",36,"Bacteria","Firmicutes","Clostridia","Clostridiales","Clostridiaceae","Clostridiaceae_unclassified"
"Otu01138",36,"Bacteria","Bacteroidota","Bacteroidia","Bacteroidales","Bacteroidaceae","Bacteroides"
"Otu01139",36,"Bacteria","Firmicutes","Clostridia","Clostridiales","Clostridiaceae","Clostridiaceae_unclassified"
"Otu01140",36,"Bacteria","Firmicutes","Clostridia","Clostridia_unclassified","Clostridia_unclassified","Clostridia_unclassified"
"Otu01141",36,"Bacteria","Firmicutes","Clostridia","Clostridiales","Clostridiaceae","Clostridiaceae_unclassified"
"Otu01142",36,"Bacteria","Actinobacteriota","Acidimicrobiia","Microtrichales","uncultured","uncultured_ge"
"Otu01143",36,"Bacteria","Bacteroidota","Bacteroidia","Flavobacteriales","Weeksellaceae","Weeksellaceae_unclassified"
"Otu01145",36,"Bacteria","Firmicutes","Clostridia","Oscillospirales","UCG-010","UCG-010_ge"
"Otu01146",36,"Bacteria","Armatimonadota","uncultured","uncultured_or","uncultured_fa","uncultured_ge"
"Otu01147",36,"Bacteria","Proteobacteria","Gammaproteobacteria","Gammaproteobacteria_unclassified","Gammaproteobacteria_unclassified","Gammaproteobacteria_unclassified"
"Otu01148",36,"Bacteria","Proteobacteria","Gammaproteobacteria","Burkholderiales","Chitinibacteraceae","Iodobacter"
"Otu01149",36,"Bacteria","Bacteroidota","Bacteroidia","Bacteroidales","Bacteroidales_unclassified","Bacteroidales_unclassified"
"Otu01150",36,"Bacteria","Firmicutes","Bacilli","Paenibacillales","Paenibacillaceae","Paenibacillus"
"Otu01151",36,"Bacteria","Proteobacteria","Gammaproteobacteria","Pseudomonadales","Cellvibrionaceae","Cellvibrio"
"Otu01152",36,"Bacteria","Firmicutes","Clostridia","Peptostreptococcales-Tissierellales","Peptostreptococcales-Tissierellales_unclassified","Peptostreptococcales-Tissierellales_unclassified"
"Otu01153",36,"Bacteria","Fusobacteriota","Fusobacteriia","Fusobacteriales","Fusobacteriaceae","Cetobacterium"
"Otu01154",36,"Bacteria","Firmicutes","Clostridia","Clostridiales","Clostridiaceae","Clostridiaceae_unclassified"
"Otu01155",36,"Bacteria","Firmicutes","Clostridia","Clostridiales","Clostridiaceae","Clostridiaceae_unclassified"
"Otu01156",36,"Bacteria","Gemmatimonadota","Longimicrobia","Longimicrobiales","Longimicrobiaceae","Longimicrobiaceae_ge"
"Otu01157",36,"Bacteria","Firmicutes","Bacilli","Lactobacillales","Carnobacteriaceae","Carnobacteriaceae_unclassified"
"Otu01158",36,"Bacteria","Bacteroidota","Bacteroidia","Bacteroidales","Rikenellaceae","Rikenella"
"Otu01159",36,"Bacteria","Proteobacteria","Alphaproteobacteria","Rhizobiales","Beijerinckiaceae","1174-901-12"
"Otu01160",36,"Bacteria","Firmicutes","Clostridia","Clostridiales","Clostridiaceae","Clostridiaceae_unclassified"
"Otu01161",36,"Bacteria","Firmicutes","Firmicutes_unclassified","Firmicutes_unclassified","Firmicutes_unclassified","Firmicutes_unclassified"
"Otu01162",35,"Bacteria","Proteobacteria","Alphaproteobacteria","Rhodospirillales","uncultured","uncultured_ge"
"Otu01166",35,"Bacteria","Firmicutes","Clostridia","Peptostreptococcales-Tissierellales","Peptostreptococcaceae","Peptostreptococcaceae_unclassified"
"Otu01167",35,"Bacteria","Proteobacteria","Gammaproteobacteria","Enterobacterales","Enterobacteriaceae","Enterobacteriaceae_unclassified"
"Otu01168",35,"Bacteria","Cyanobacteria","Cyanobacteriia","Cyanobacteriales","Cyanobacteriales_unclassified","Cyanobacteriales_unclassified"
"Otu01169",35,"Bacteria","Verrucomicrobiota","Verrucomicrobiae","Chthoniobacterales","Chthoniobacteraceae","Chthoniobacter"
"Otu01170",35,"Bacteria","Firmicutes","Bacilli","Alicyclobacillales","Alicyclobacillaceae","Tumebacillus"
"Otu01171",35,"Bacteria","Bacteria_unclassified","Bacteria_unclassified","Bacteria_unclassified","Bacteria_unclassified","Bacteria_unclassified"
"Otu01172",35,"Bacteria","Deinococcota","Deinococci","Deinococcales","Trueperaceae","Truepera"
"Otu01174",35,"Bacteria","Firmicutes","Clostridia","Oscillospirales","Ruminococcaceae","uncultured"
"Otu01175",35,"Bacteria","Bacteroidota","Bacteroidia","Bacteroidia_unclassified","Bacteroidia_unclassified","Bacteroidia_unclassified"
"Otu01176",35,"Bacteria","Bacteroidota","Bacteroidia","Chitinophagales","Chitinophagales_unclassified","Chitinophagales_unclassified"
"Otu01177",35,"Bacteria","Firmicutes","Clostridia","Clostridiales","Clostridiaceae","Clostridiaceae_unclassified"
"Otu01178",35,"Bacteria","Firmicutes","Clostridia","Clostridiales","Clostridiaceae","Clostridiaceae_unclassified"
"Otu01179",35,"Bacteria","Desulfobacterota","Desulfobacterota_unclassified","Desulfobacterota_unclassified","Desulfobacterota_unclassified","Desulfobacterota_unclassified"
"Otu01180",35,"Bacteria","Fusobacteriota","Fusobacteriia","Fusobacteriales","Fusobacteriaceae","Fusobacterium"
"Otu01181",35,"Bacteria","Actinobacteriota","Acidimicrobiia","Microtrichales","Ilumatobacteraceae","Ilumatobacter"
"Otu01182",35,"Bacteria","Firmicutes","Clostridia","Clostridiales","Clostridiaceae","Clostridiaceae_unclassified"
"Otu01183",35,"Bacteria","Firmicutes","Clostridia","Clostridiales","Clostridiaceae","Clostridiaceae_unclassified"
"Otu01184",35,"Bacteria","Proteobacteria","Gammaproteobacteria","Burkholderiales","Rhodocyclaceae","Propionivibrio"
"Otu01186",35,"Bacteria","Firmicutes","Clostridia","Oscillospirales","UCG-010","UCG-010_ge"
"Otu01187",35,"Bacteria","Bacteroidota","Bacteroidia","Bacteroidales","Bacteroidales_unclassified","Bacteroidales_unclassified"
"Otu01188",35,"Bacteria","Proteobacteria","Gammaproteobacteria","Burkholderiales","Burkholderiales_unclassified","Burkholderiales_unclassified"
"Otu01189",35,"Bacteria","Firmicutes","Clostridia","Oscillospirales","Ruminococcaceae","Ruminococcaceae_unclassified"
"Otu01190",35,"Bacteria","Proteobacteria","Gammaproteobacteria","Burkholderiales","Comamonadaceae","Comamonadaceae_unclassified"
"Otu01191",35,"Bacteria","Firmicutes","Clostridia","Peptostreptococcales-Tissierellales","Anaerovoracaceae","Anaerovoracaceae_ge"
"Otu01192",35,"Bacteria","Firmicutes","Clostridia","Peptostreptococcales-Tissierellales","Peptostreptococcales-Tissierellales_unclassified","Peptostreptococcales-Tissierellales_unclassified"
"Otu01193",35,"Bacteria","Firmicutes","Clostridia","Christensenellales","Christensenellaceae","Christensenellaceae_R-7_group"
"Otu01194",34,"Bacteria","Firmicutes","Clostridia","Peptostreptococcales-Tissierellales","Anaerovoracaceae","Anaerovoracaceae_unclassified"
"Otu01195",34,"Bacteria","Desulfobacterota","Desulfovibrionia","Desulfovibrionales","Desulfovibrionaceae","uncultured"
"Otu01196",34,"Bacteria","Actinobacteriota","Actinobacteria","Streptosporangiales","Thermomonosporaceae","Thermobispora"
"Otu01197",34,"Bacteria","Firmicutes","Clostridia","Oscillospirales","Oscillospirales_fa","Oscillospirales_ge"
"Otu01198",34,"Bacteria","Deinococcota","Deinococci","Deinococcales","Deinococcaceae","Deinococcus"
"Otu01200",34,"Bacteria","Proteobacteria","Gammaproteobacteria","Burkholderiales","Burkholderiales_unclassified","Burkholderiales_unclassified"
"Otu01201",34,"Bacteria","Firmicutes","Bacilli","Bacilli_unclassified","Bacilli_unclassified","Bacilli_unclassified"
"Otu01202",34,"Bacteria","Fusobacteriota","Fusobacteriia","Fusobacteriales","Fusobacteriaceae","Cetobacterium"
"Otu01203",34,"Bacteria","Firmicutes","Clostridia","Clostridia_UCG-014","Clostridia_UCG-014_fa","Clostridia_UCG-014_ge"
"Otu01204",34,"Bacteria","Bacteroidota","Bacteroidia","Cytophagales","Cytophagaceae","Cytophaga"
"Otu01205",34,"Bacteria","Firmicutes","Clostridia","Clostridiales","Clostridiaceae","Clostridiaceae_unclassified"
"Otu01206",34,"Bacteria","Proteobacteria","Gammaproteobacteria","Gammaproteobacteria_unclassified","Gammaproteobacteria_unclassified","Gammaproteobacteria_unclassified"
"Otu01207",34,"Bacteria","Firmicutes","Clostridia","Clostridiales","Clostridiaceae","Clostridiaceae_unclassified"
"Otu01208",34,"Bacteria","Firmicutes","Clostridia","Clostridiales","Clostridiaceae","Clostridiaceae_unclassified"
"Otu01209",34,"Bacteria","Firmicutes","Bacilli","Lactobacillales","Lactobacillaceae","Limosilactobacillus"
"Otu01211",34,"Bacteria","Firmicutes","Clostridia","Peptostreptococcales-Tissierellales","Peptostreptococcaceae","Peptostreptococcaceae_unclassified"
"Otu01212",34,"Bacteria","Firmicutes","Clostridia","Clostridiales","Clostridiaceae","Clostridiaceae_unclassified"
"Otu01213",34,"Bacteria","Firmicutes","Clostridia","Peptostreptococcales-Tissierellales","Peptostreptococcaceae","Peptostreptococcaceae_unclassified"
"Otu01215",34,"Bacteria","Bacteroidota","Bacteroidia","Bacteroidales","Bacteroidales_unclassified","Bacteroidales_unclassified"
"Otu01216",34,"Bacteria","Planctomycetota","vadinHA49","vadinHA49_or","vadinHA49_fa","vadinHA49_ge"
"Otu01217",34,"Bacteria","Firmicutes","Clostridia","Oscillospirales","Oscillospiraceae","Oscillospiraceae_unclassified"
"Otu01218",34,"Bacteria","Bacteroidota","Bacteroidia","Bacteroidales","Tannerellaceae","Parabacteroides"
"Otu01219",34,"Bacteria","Firmicutes","Clostridia","Peptostreptococcales-Tissierellales","Peptostreptococcales-Tissierellales_unclassified","Peptostreptococcales-Tissierellales_unclassified"
"Otu01220",34,"Bacteria","Firmicutes","Clostridia","Clostridiales","Clostridiaceae","Clostridiaceae_unclassified"
"Otu01221",34,"Bacteria","Proteobacteria","Alphaproteobacteria","Acetobacterales","Acetobacteraceae","Roseomonas"
"Otu01222",34,"Bacteria","Actinobacteriota","Actinobacteria","Pseudonocardiales","Pseudonocardiaceae","Pseudonocardiaceae_unclassified"
"Otu01223",34,"Bacteria","Actinobacteriota","Actinobacteria","Pseudonocardiales","Pseudonocardiaceae","Actinomycetospora"
"Otu01224",34,"Bacteria","Firmicutes","Clostridia","Oscillospirales","Oscillospiraceae","Intestinimonas"
"Otu01225",34,"Bacteria","Bacteroidota","Bacteroidia","Bacteroidales","Bacteroidaceae","Bacteroides"
"Otu01226",33,"Bacteria","Bdellovibrionota","Bdellovibrionia","Bdellovibrionales","Bdellovibrionaceae","Bdellovibrio"
"Otu01227",33,"Bacteria","Bacteria_unclassified","Bacteria_unclassified","Bacteria_unclassified","Bacteria_unclassified","Bacteria_unclassified"
"Otu01228",33,"Bacteria","Firmicutes","Clostridia","Clostridiales","Clostridiaceae","Clostridiaceae_unclassified"
"Otu01229",33,"Bacteria","Firmicutes","Clostridia","Clostridiales","Clostridiaceae","Clostridiaceae_unclassified"
"Otu01230",33,"Bacteria","Firmicutes","Clostridia","Clostridia_UCG-014","Clostridia_UCG-014_fa","Clostridia_UCG-014_ge"
"Otu01231",33,"Bacteria","Firmicutes","Clostridia","Oscillospirales","Ruminococcaceae","Ruminococcaceae_unclassified"
"Otu01232",33,"Bacteria","Firmicutes","Clostridia","Clostridiales","Clostridiaceae","Clostridiaceae_unclassified"
"Otu01233",33,"Bacteria","Verrucomicrobiota","Lentisphaeria","Victivallales","vadinBE97","vadinBE97_ge"
"Otu01234",33,"Bacteria","Firmicutes","Bacilli","Bacillales","Bacillaceae","Bacillaceae_unclassified"
"Otu01236",33,"Bacteria","Firmicutes","Clostridia","Oscillospirales","Butyricicoccaceae","Butyricicoccus"
"Otu01237",33,"Bacteria","Firmicutes","Clostridia","Clostridiales","Clostridiaceae","Clostridiaceae_unclassified"
"Otu01238",33,"Bacteria","Firmicutes","Clostridia","Clostridiales","Clostridiaceae","Clostridiaceae_unclassified"
"Otu01239",33,"Bacteria","Proteobacteria","Gammaproteobacteria","Enterobacterales","Enterobacterales_unclassified","Enterobacterales_unclassified"
"Otu01240",33,"Bacteria","Proteobacteria","Alphaproteobacteria","Rhizobiales","Rhizobiaceae","Rhizobiaceae_unclassified"
"Otu01241",33,"Bacteria","Proteobacteria","Gammaproteobacteria","Gammaproteobacteria_unclassified","Gammaproteobacteria_unclassified","Gammaproteobacteria_unclassified"
"Otu01242",33,"Bacteria","Bacteroidota","Bacteroidia","Sphingobacteriales","Sphingobacteriaceae","Sphingobacteriaceae_unclassified"
"Otu01245",33,"Bacteria","Firmicutes","Clostridia","Clostridia_unclassified","Clostridia_unclassified","Clostridia_unclassified"
"Otu01246",33,"Bacteria","Firmicutes","Clostridia","Peptostreptococcales-Tissierellales","Family_XI","Anaerococcus"
"Otu01247",33,"Bacteria","Firmicutes","Clostridia","Clostridia_unclassified","Clostridia_unclassified","Clostridia_unclassified"
"Otu01248",33,"Bacteria","Firmicutes","Clostridia","Lachnospirales","Lachnospiraceae","Lachnospiraceae_unclassified"
"Otu01249",33,"Bacteria","Firmicutes","Clostridia","Peptostreptococcales-Tissierellales","Peptostreptococcaceae","Clostridioides"
"Otu01251",32,"Bacteria","Firmicutes","Clostridia","Peptostreptococcales-Tissierellales","Family_XI","Peptoniphilus"
"Otu01252",32,"Bacteria","Firmicutes","Bacilli","Lactobacillales","Lactobacillaceae","Weissella"
"Otu01253",32,"Bacteria","Actinobacteriota","Actinobacteria","Micrococcales","Micrococcaceae","Micrococcaceae_unclassified"
"Otu01254",32,"Bacteria","Bacteroidota","Bacteroidia","Bacteroidales","Bacteroidaceae","Bacteroides"
"Otu01255",32,"Bacteria","Proteobacteria","Gammaproteobacteria","Burkholderiales","Rhodocyclaceae","Dechloromonas"
"Otu01256",32,"Bacteria","Firmicutes","Clostridia","Peptostreptococcales-Tissierellales","Peptostreptococcaceae","Peptostreptococcaceae_unclassified"
"Otu01257",32,"Bacteria","Firmicutes","Clostridia","Peptostreptococcales-Tissierellales","Peptostreptococcaceae","Romboutsia"
"Otu01258",32,"Bacteria","Firmicutes","Clostridia","Clostridiales","Clostridiaceae","Clostridiaceae_unclassified"
"Otu01259",32,"Bacteria","Actinobacteriota","Actinobacteria","Streptomycetales","Streptomycetaceae","Streptomyces"
"Otu01260",32,"Bacteria","Firmicutes","Clostridia","Clostridiales","Clostridiaceae","Clostridiaceae_unclassified"
"Otu01261",32,"Bacteria","Bacteroidota","Bacteroidia","Bacteroidales","Rikenellaceae","Alistipes"
"Otu01262",32,"Bacteria","Firmicutes","Clostridia","Peptostreptococcales-Tissierellales","Peptostreptococcaceae","Peptostreptococcaceae_unclassified"
"Otu01263",32,"Bacteria","Firmicutes","Clostridia","Peptostreptococcales-Tissierellales","Peptostreptococcales-Tissierellales_unclassified","Peptostreptococcales-Tissierellales_unclassified"
"Otu01264",32,"Bacteria","Firmicutes","Clostridia","Peptostreptococcales-Tissierellales","Peptostreptococcaceae","Peptostreptococcaceae_unclassified"
"Otu01265",32,"Bacteria","Proteobacteria","Alphaproteobacteria","Sphingomonadales","Sphingomonadaceae","Novosphingobium"
"Otu01266",32,"Bacteria","Actinobacteriota","Actinobacteriota_unclassified","Actinobacteriota_unclassified","Actinobacteriota_unclassified","Actinobacteriota_unclassified"
"Otu01268",32,"Bacteria","Firmicutes","Clostridia","Clostridia_unclassified","Clostridia_unclassified","Clostridia_unclassified"
"Otu01269",32,"Bacteria","Firmicutes","Bacilli","Bacilli_unclassified","Bacilli_unclassified","Bacilli_unclassified"
"Otu01270",32,"Bacteria","Actinobacteriota","Actinobacteria","Actinobacteria_unclassified","Actinobacteria_unclassified","Actinobacteria_unclassified"
"Otu01271",32,"Bacteria","Fusobacteriota","Fusobacteriia","Fusobacteriales","Fusobacteriaceae","Cetobacterium"
"Otu01272",32,"Bacteria","Actinobacteriota","Thermoleophilia","Gaiellales","uncultured","uncultured_ge"
"Otu01273",32,"Bacteria","Proteobacteria","Gammaproteobacteria","Xanthomonadales","Xanthomonadaceae","Stenotrophomonas"
"Otu01274",32,"Bacteria","Actinobacteriota","Actinobacteria","Streptosporangiales","Thermomonosporaceae","Thermobispora"
"Otu01275",32,"Bacteria","Firmicutes","Clostridia","Oscillospirales","Oscillospirales_unclassified","Oscillospirales_unclassified"
"Otu01278",31,"Bacteria","Firmicutes","Clostridia","Clostridiales","Clostridiaceae","Clostridium_sensu_stricto_5"
"Otu01279",31,"Bacteria","Armatimonadota","Armatimonadia","Armatimonadales","Armatimonadaceae","Armatimonas"
"Otu01280",31,"Bacteria","Proteobacteria","Gammaproteobacteria","Enterobacterales","Enterobacterales_unclassified","Enterobacterales_unclassified"
"Otu01281",31,"Bacteria","Bacteroidota","Bacteroidia","Bacteroidales","Rikenellaceae","Rikenellaceae_unclassified"
"Otu01282",31,"Bacteria","Actinobacteriota","Actinobacteria","Corynebacteriales","Corynebacteriaceae","Corynebacterium"
"Otu01283",31,"Bacteria","Firmicutes","Clostridia","Clostridia_vadinBB60_group","Clostridia_vadinBB60_group_fa","Clostridia_vadinBB60_group_ge"
"Otu01284",31,"Bacteria","Firmicutes","Clostridia","Peptostreptococcales-Tissierellales","Anaerovoracaceae","S5-A14a"
"Otu01285",31,"Bacteria","Proteobacteria","Gammaproteobacteria","Burkholderiales","Neisseriaceae","Neisseriaceae_unclassified"
"Otu01286",31,"Bacteria","Patescibacteria","Parcubacteria","Candidatus_Moranbacteria","Candidatus_Moranbacteria_fa","Candidatus_Moranbacteria_ge"
"Otu01287",31,"Bacteria","Bacteroidota","Bacteroidia","Cytophagales","Spirosomaceae","Spirosomaceae_unclassified"
"Otu01288",31,"Bacteria","Planctomycetota","Planctomycetes","Pirellulales","Pirellulaceae","Pirellula"
"Otu01289",31,"Bacteria","Actinobacteriota","Actinobacteria","Micrococcales","Micrococcales_unclassified","Micrococcales_unclassified"
"Otu01290",31,"Bacteria","Acidobacteriota","Blastocatellia","Blastocatellales","Blastocatellaceae","JGI_0001001-H03"
"Otu01291",31,"Bacteria","Proteobacteria","Gammaproteobacteria","Pseudomonadales","Moraxellaceae","Acinetobacter"
"Otu01292",31,"Bacteria","Acidobacteriota","Vicinamibacteria","Vicinamibacterales","uncultured","uncultured_ge"
"Otu01293",31,"Bacteria","Firmicutes","Clostridia","Oscillospirales","Ruminococcaceae","Ruminococcaceae_unclassified"
"Otu01294",31,"Bacteria","Firmicutes","Clostridia","Clostridia_unclassified","Clostridia_unclassified","Clostridia_unclassified"
"Otu01295",31,"Bacteria","Proteobacteria","Gammaproteobacteria","Burkholderiales","Nitrosomonadaceae","Ellin6067"
"Otu01296",30,"Bacteria","Firmicutes","Clostridia","Clostridiales","Clostridiaceae","Clostridiaceae_unclassified"
"Otu01297",30,"Bacteria","Verrucomicrobiota","Lentisphaeria","Victivallales","Victivallales_unclassified","Victivallales_unclassified"
"Otu01298",30,"Bacteria","Firmicutes","Clostridia","Christensenellales","Christensenellaceae","Christensenellaceae_R-7_group"
"Otu01299",30,"Bacteria","Proteobacteria","Gammaproteobacteria","Burkholderiales","Comamonadaceae","Comamonadaceae_unclassified"
"Otu01300",30,"Bacteria","Bacteria_unclassified","Bacteria_unclassified","Bacteria_unclassified","Bacteria_unclassified","Bacteria_unclassified"
"Otu01301",30,"Bacteria","Bacteroidota","Bacteroidia","Chitinophagales","Chitinophagaceae","Chitinophagaceae_unclassified"
"Otu01303",30,"Bacteria","Firmicutes","Clostridia","Clostridiales","Clostridiaceae","Clostridium_sensu_stricto_1"
"Otu01304",30,"Bacteria","Proteobacteria","Gammaproteobacteria","Burkholderiales","Burkholderiales_unclassified","Burkholderiales_unclassified"
"Otu01305",30,"Bacteria","Proteobacteria","Gammaproteobacteria","Burkholderiales","Burkholderiales_unclassified","Burkholderiales_unclassified"
"Otu01306",30,"Bacteria","Firmicutes","Clostridia","Lachnospirales","Lachnospiraceae","Lachnospiraceae_unclassified"
"Otu01307",30,"Bacteria","Actinobacteriota","Coriobacteriia","Coriobacteriales","Coriobacteriales_unclassified","Coriobacteriales_unclassified"
"Otu01309",30,"Bacteria","Cyanobacteria","Cyanobacteriia","Cyanobacteriales","Xenococcaceae","Pleurocapsa_PCC-7319"
"Otu01310",30,"Bacteria","Proteobacteria","Alphaproteobacteria","Rhizobiales","Beijerinckiaceae","Chelatococcus"
"Otu01311",30,"Bacteria","Firmicutes","Clostridia","Oscillospirales","Ruminococcaceae","Pygmaiobacter"
"Otu01312",30,"Bacteria","Firmicutes","Clostridia","Oscillospirales","UCG-010","UCG-010_ge"
"Otu01313",30,"Bacteria","Proteobacteria","Gammaproteobacteria","Enterobacterales","Enterobacteriaceae","Enterobacteriaceae_unclassified"
"Otu01315",30,"Bacteria","Proteobacteria","Alphaproteobacteria","Sphingomonadales","Sphingomonadaceae","Sphingomonadaceae_unclassified"
"Otu01316",30,"Bacteria","Actinobacteriota","Actinobacteria","Micrococcales","Brevibacteriaceae","Brevibacterium"
"Otu01317",30,"Bacteria","Bacteroidota","Bacteroidia","Sphingobacteriales","Sphingobacteriaceae","Sphingobacteriaceae_unclassified"
"Otu01318",30,"Bacteria","Firmicutes","Clostridia","Lachnospirales","Lachnospiraceae","Lachnospiraceae_unclassified"
"Otu01319",30,"Bacteria","Proteobacteria","Gammaproteobacteria","Enterobacterales","Enterobacterales_unclassified","Enterobacterales_unclassified"
"Otu01320",29,"Bacteria","Firmicutes","Clostridia","Clostridiales","Clostridiaceae","Clostridiaceae_unclassified"
"Otu01321",29,"Bacteria","Bacteroidota","Bacteroidia","Bacteroidales","Bacteroidales_unclassified","Bacteroidales_unclassified"
"Otu01322",29,"Bacteria","Firmicutes","Clostridia","Oscillospirales","Ruminococcaceae","Anaerotruncus"
"Otu01323",29,"Bacteria","Proteobacteria","Gammaproteobacteria","Burkholderiales","Comamonadaceae","Comamonadaceae_unclassified"
"Otu01324",29,"Bacteria","Firmicutes","Clostridia","Peptostreptococcales-Tissierellales","Peptostreptococcaceae","Peptostreptococcaceae_unclassified"
"Otu01325",29,"Bacteria","Proteobacteria","Gammaproteobacteria","Burkholderiales","Comamonadaceae","Comamonadaceae_unclassified"
"Otu01326",29,"Bacteria","Bacteroidota","Bacteroidia","Bacteroidales","Tannerellaceae","Macellibacteroides"
"Otu01327",29,"Bacteria","Firmicutes","Clostridia","Clostridia_vadinBB60_group","Clostridia_vadinBB60_group_fa","Clostridia_vadinBB60_group_ge"
"Otu01328",29,"Bacteria","Verrucomicrobiota","Verrucomicrobiae","Verrucomicrobiales","Verrucomicrobiaceae","Prosthecobacter"
"Otu01329",29,"Bacteria","Proteobacteria","Gammaproteobacteria","Xanthomonadales","Rhodanobacteraceae","Luteibacter"
"Otu01330",29,"Bacteria","Cyanobacteria","Cyanobacteriia","Cyanobacteriales","Phormidiaceae","Tychonema_CCAP_1459-11B"
"Otu01332",29,"Bacteria","Firmicutes","Clostridia","Peptostreptococcales-Tissierellales","Peptostreptococcaceae","Peptostreptococcaceae_unclassified"
"Otu01333",29,"Bacteria","Proteobacteria","Gammaproteobacteria","Enterobacterales","Enterobacteriaceae","Enterobacteriaceae_unclassified"
"Otu01334",29,"Bacteria","Bacteroidota","Bacteroidia","Bacteroidales","Rikenellaceae","Rikenellaceae_unclassified"
"Otu01335",29,"Bacteria","Planctomycetota","Planctomycetes","Planctomycetales","uncultured","uncultured_ge"
"Otu01336",29,"Bacteria","Firmicutes","Clostridia","Lachnospirales","Lachnospiraceae","Lachnospiraceae_unclassified"
"Otu01337",29,"Bacteria","Firmicutes","Clostridia","Oscillospirales","Ruminococcaceae","Ruminococcaceae_unclassified"
"Otu01338",29,"Bacteria","Firmicutes","Clostridia","Oscillospirales","Ruminococcaceae","Anaerotruncus"
"Otu01339",29,"Bacteria","Firmicutes","Clostridia","Clostridiales","Clostridiaceae","Clostridiaceae_unclassified"
"Otu01340",29,"Bacteria","Bdellovibrionota","Oligoflexia","Oligoflexales","Oligoflexaceae","Oligoflexus"
"Otu01341",29,"Bacteria","Firmicutes","Clostridia","Oscillospirales","Ruminococcaceae","Ruminococcaceae_unclassified"
"Otu01342",29,"Bacteria","Firmicutes","Clostridia","Clostridiales","Clostridiaceae","Clostridiaceae_unclassified"
"Otu01343",29,"Bacteria","Armatimonadota","Fimbriimonadia","Fimbriimonadales","Fimbriimonadaceae","Fimbriimonadaceae_unclassified"
"Otu01344",29,"Bacteria","Firmicutes","Clostridia","Clostridiales","Clostridiaceae","Clostridiaceae_unclassified"
"Otu01345",28,"Bacteria","Dependentiae","Babeliae","Babeliales","Vermiphilaceae","Vermiphilaceae_ge"
"Otu01346",28,"Bacteria","Firmicutes","Clostridia","Clostridia_unclassified","Clostridia_unclassified","Clostridia_unclassified"
"Otu01347",28,"Bacteria","Firmicutes","Clostridia","Clostridiales","Clostridiaceae","Clostridium_sensu_stricto_5"
"Otu01348",28,"Bacteria","Proteobacteria","Gammaproteobacteria","Burkholderiales","Comamonadaceae","Comamonadaceae_unclassified"
"Otu01349",28,"Bacteria","Firmicutes","Clostridia","Lachnospirales","Lachnospiraceae","Sellimonas"
"Otu01350",28,"Bacteria","Proteobacteria","Gammaproteobacteria","Burkholderiales","Nitrosomonadaceae","Ellin6067"
"Otu01351",28,"Bacteria","Chloroflexi","Chloroflexia","Thermomicrobiales","JG30-KF-CM45","JG30-KF-CM45_ge"
"Otu01352",28,"Bacteria","Firmicutes","Bacilli","Lactobacillales","Lactobacillales_unclassified","Lactobacillales_unclassified"
"Otu01353",28,"Bacteria","Bacteroidota","Bacteroidia","Cytophagales","Hymenobacteraceae","Pontibacter"
"Otu01354",28,"Bacteria","Actinobacteriota","Coriobacteriia","Coriobacteriales","Eggerthellaceae","Gordonibacter"
"Otu01355",28,"Bacteria","Proteobacteria","Alphaproteobacteria","Rhodospirillales","Rhodospirillaceae","uncultured"
"Otu01356",28,"Bacteria","Latescibacterota","Latescibacterota_cl","Latescibacterota_or","Latescibacterota_fa","Latescibacterota_ge"
"Otu01357",28,"Bacteria","Firmicutes","Bacilli","Lactobacillales","Aerococcaceae","Facklamia"
"Otu01358",28,"Bacteria","Bacteroidota","Bacteroidia","Sphingobacteriales","Sphingobacteriales_unclassified","Sphingobacteriales_unclassified"
"Otu01359",28,"Bacteria","Firmicutes","Clostridia","Clostridia_vadinBB60_group","Clostridia_vadinBB60_group_fa","Clostridia_vadinBB60_group_ge"
"Otu01360",28,"Bacteria","Bacteroidota","Bacteroidia","Chitinophagales","Chitinophagales_unclassified","Chitinophagales_unclassified"
"Otu01361",28,"Bacteria","Verrucomicrobiota","Lentisphaeria","Victivallales","Victivallaceae","Victivallaceae_unclassified"
"Otu01362",28,"Bacteria","Cyanobacteria","Cyanobacteriia","Cyanobacteriales","Nostocaceae","Nostocaceae_unclassified"
"Otu01363",28,"Bacteria","Proteobacteria","Alphaproteobacteria","Sphingomonadales","Sphingomonadaceae","Novosphingobium"
"Otu01364",28,"Bacteria","Firmicutes","Clostridia","Clostridiales","Clostridiaceae","Clostridiaceae_unclassified"
"Otu01365",28,"Bacteria","Firmicutes","Clostridia","Clostridiales","Clostridiaceae","Clostridiaceae_unclassified"
"Otu01366",27,"Bacteria","Bacteroidota","Bacteroidia","Bacteroidales","Tannerellaceae","Macellibacteroides"
"Otu01367",27,"Bacteria","Firmicutes","Clostridia","Oscillospirales","Ruminococcaceae","Ruminococcaceae_unclassified"
"Otu01368",27,"Bacteria","Proteobacteria","Gammaproteobacteria","Burkholderiales","Comamonadaceae","Comamonadaceae_unclassified"
"Otu01369",27,"Bacteria","Proteobacteria","Gammaproteobacteria","Enterobacterales","Enterobacteriaceae","Enterobacteriaceae_unclassified"
"Otu01370",27,"Bacteria","Proteobacteria","Gammaproteobacteria","Enterobacterales","Enterobacterales_unclassified","Enterobacterales_unclassified"
"Otu01371",27,"Bacteria","Proteobacteria","Alphaproteobacteria","Alphaproteobacteria_unclassified","Alphaproteobacteria_unclassified","Alphaproteobacteria_unclassified"
"Otu01373",27,"Bacteria","Firmicutes","Clostridia","Clostridia_unclassified","Clostridia_unclassified","Clostridia_unclassified"
"Otu01374",27,"Bacteria","Dependentiae","Babeliae","Babeliales","Babeliales_fa","Babeliales_ge"
"Otu01375",27,"Bacteria","Bacteroidota","Bacteroidia","Cytophagales","Hymenobacteraceae","Hymenobacter"
"Otu01376",27,"Bacteria","Proteobacteria","Alphaproteobacteria","Sphingomonadales","Sphingomonadaceae","Sphingomonadaceae_unclassified"
"Otu01377",27,"Bacteria","Firmicutes","Clostridia","Clostridia_unclassified","Clostridia_unclassified","Clostridia_unclassified"
"Otu01378",27,"Bacteria","Firmicutes","Clostridia","Peptostreptococcales-Tissierellales","Peptostreptococcaceae","Peptostreptococcaceae_unclassified"
"Otu01379",27,"Bacteria","Proteobacteria","Gammaproteobacteria","Burkholderiales","Burkholderiales_unclassified","Burkholderiales_unclassified"
"Otu01380",27,"Bacteria","Firmicutes","Clostridia","Peptostreptococcales-Tissierellales","Peptostreptococcaceae","Peptostreptococcus"
"Otu01381",27,"Bacteria","Proteobacteria","Gammaproteobacteria","Burkholderiales","Burkholderiaceae","Burkholderia-Caballeronia-Paraburkholderia"
"Otu01382",27,"Bacteria","Firmicutes","Clostridia","Clostridiales","Clostridiaceae","Clostridium_sensu_stricto_1"
"Otu01383",27,"Bacteria","Firmicutes","Clostridia","Oscillospirales","Oscillospirales_unclassified","Oscillospirales_unclassified"
"Otu01384",27,"Bacteria","Proteobacteria","Alphaproteobacteria","Rhizobiales","Beijerinckiaceae","Beijerinckiaceae_unclassified"
"Otu01385",27,"Bacteria","Proteobacteria","Gammaproteobacteria","Enterobacterales","Enterobacterales_unclassified","Enterobacterales_unclassified"
"Otu01386",27,"Bacteria","Proteobacteria","Proteobacteria_unclassified","Proteobacteria_unclassified","Proteobacteria_unclassified","Proteobacteria_unclassified"
"Otu01387",27,"Bacteria","Verrucomicrobiota","Lentisphaeria","Victivallales","Victivallaceae","Victivallaceae_ge"
"Otu01388",27,"Bacteria","Proteobacteria","Gammaproteobacteria","Burkholderiales","Oxalobacteraceae","Oxalobacteraceae_unclassified"
"Otu01389",27,"Bacteria","Planctomycetota","Planctomycetes","Planctomycetales","Rubinisphaeraceae","uncultured"
"Otu01390",27,"Bacteria","Proteobacteria","Alphaproteobacteria","Sphingomonadales","Sphingomonadaceae","Novosphingobium"
"Otu01391",27,"Bacteria","Firmicutes","Clostridia","Clostridiales","Clostridiaceae","Clostridiaceae_unclassified"
"Otu01392",27,"Bacteria","Firmicutes","Clostridia","Oscillospirales","Oscillospirales_unclassified","Oscillospirales_unclassified"
"Otu01394",27,"Bacteria","Myxococcota","Polyangia","Nannocystales","Nannocystaceae","Nannocystaceae_unclassified"
"Otu01395",27,"Bacteria","Proteobacteria","Gammaproteobacteria","Gammaproteobacteria_unclassified","Gammaproteobacteria_unclassified","Gammaproteobacteria_unclassified"
"Otu01396",27,"Bacteria","Firmicutes","Clostridia","Peptostreptococcales-Tissierellales","Peptostreptococcaceae","Peptostreptococcaceae_unclassified"
"Otu01397",27,"Bacteria","Bdellovibrionota","Oligoflexia","0319-6G20","0319-6G20_fa","0319-6G20_ge"
"Otu01398",27,"Bacteria","Firmicutes","Clostridia","Oscillospirales","UCG-010","UCG-010_ge"
"Otu01400",27,"Bacteria","Firmicutes","Bacilli","Lactobacillales","Lactobacillales_unclassified","Lactobacillales_unclassified"
"Otu01401",27,"Bacteria","Bacteria_unclassified","Bacteria_unclassified","Bacteria_unclassified","Bacteria_unclassified","Bacteria_unclassified"
"Otu01402",27,"Bacteria","Actinobacteriota","Thermoleophilia","Solirubrobacterales","67-14","67-14_ge"
"Otu01403",27,"Bacteria","Firmicutes","Clostridia","Clostridia_vadinBB60_group","Clostridia_vadinBB60_group_fa","Clostridia_vadinBB60_group_ge"
"Otu01404",27,"Bacteria","Firmicutes","Clostridia","Oscillospirales","Ruminococcaceae","Ruminococcaceae_unclassified"
"Otu01407",26,"Bacteria","Firmicutes","Clostridia","Clostridiales","Clostridiaceae","Clostridiaceae_unclassified"
"Otu01408",26,"Bacteria","Proteobacteria","Gammaproteobacteria","Enterobacterales","Enterobacterales_unclassified","Enterobacterales_unclassified"
"Otu01409",26,"Bacteria","Planctomycetota","Planctomycetes","Gemmatales","Gemmataceae","uncultured"
"Otu01410",26,"Bacteria","Firmicutes","Clostridia","Clostridiales","Clostridiaceae","Clostridiaceae_unclassified"
"Otu01411",26,"Bacteria","Bacteroidota","Bacteroidia","Bacteroidales","Tannerellaceae","Tannerellaceae_ge"
"Otu01412",26,"Bacteria","Proteobacteria","Gammaproteobacteria","Burkholderiales","Aquaspirillaceae","Rivicola"
"Otu01413",26,"Bacteria","Bacteroidota","Bacteroidia","Sphingobacteriales","Sphingobacteriaceae","Parapedobacter"
"Otu01414",26,"Bacteria","Firmicutes","Clostridia","Oscillospirales","Oscillospirales_unclassified","Oscillospirales_unclassified"
"Otu01415",26,"Bacteria","Firmicutes","Clostridia","Clostridiales","Clostridiaceae","Clostridiaceae_unclassified"
"Otu01416",26,"Bacteria","Bacteroidota","Bacteroidia","Bacteroidales","Tannerellaceae","Tannerellaceae_unclassified"
"Otu01417",26,"Bacteria","Bacteria_unclassified","Bacteria_unclassified","Bacteria_unclassified","Bacteria_unclassified","Bacteria_unclassified"
"Otu01418",26,"Bacteria","Firmicutes","Clostridia","Clostridiales","Clostridiaceae","Clostridiaceae_unclassified"
"Otu01419",26,"Bacteria","Actinobacteriota","Actinobacteria","Propionibacteriales","Nocardioidaceae","Nocardioides"
"Otu01420",26,"Bacteria","Firmicutes","Clostridia","Oscillospirales","Ruminococcaceae","Paludicola"
"Otu01421",26,"Bacteria","Bdellovibrionota","Oligoflexia","Oligoflexales","Oligoflexaceae","Oligoflexus"
"Otu01423",26,"Bacteria","Firmicutes","Clostridia","Clostridia_unclassified","Clostridia_unclassified","Clostridia_unclassified"
"Otu01424",26,"Bacteria","Proteobacteria","Gammaproteobacteria","Enterobacterales","Aeromonadaceae","Tolumonas"
"Otu01425",26,"Bacteria","Firmicutes","Clostridia","Lachnospirales","Lachnospiraceae","Lachnospiraceae_unclassified"
"Otu01426",26,"Bacteria","Firmicutes","Clostridia","Peptococcales","Peptococcaceae","uncultured"
"Otu01427",26,"Bacteria","Deinococcota","Deinococci","Deinococcales","Deinococcaceae","Deinococcus"
"Otu01428",26,"Bacteria","Firmicutes","Bacilli","RF39","RF39_fa","RF39_ge"
"Otu01429",26,"Bacteria","Firmicutes","Clostridia","Lachnospirales","Lachnospiraceae","Lachnospiraceae_unclassified"
"Otu01430",26,"Bacteria","Firmicutes","Clostridia","Oscillospirales","Oscillospirales_unclassified","Oscillospirales_unclassified"
"Otu01431",26,"Bacteria","Firmicutes","Clostridia","Clostridiales","Clostridiaceae","Clostridium_sensu_stricto_1"
"Otu01432",26,"Bacteria","Firmicutes","Clostridia","Clostridiales","Clostridiaceae","Clostridiaceae_unclassified"
"Otu01433",26,"Bacteria","Firmicutes","Bacilli","Bacilli_unclassified","Bacilli_unclassified","Bacilli_unclassified"
"Otu01434",26,"Bacteria","Acidobacteriota","Vicinamibacteria","Subgroup_17","Subgroup_17_fa","Subgroup_17_ge"
"Otu01435",26,"Bacteria","Bdellovibrionota","Bdellovibrionia","Bacteriovoracales","Bacteriovoracaceae","Peredibacter"
"Otu01436",26,"Bacteria","Firmicutes","Clostridia","Clostridia_vadinBB60_group","Clostridia_vadinBB60_group_fa","Clostridia_vadinBB60_group_ge"
"Otu01437",25,"Bacteria","Bacteroidota","Bacteroidia","Bacteroidales","Marinifilaceae","Odoribacter"
"Otu01438",25,"Bacteria","Firmicutes","Clostridia","Clostridia_unclassified","Clostridia_unclassified","Clostridia_unclassified"
"Otu01439",25,"Bacteria","Firmicutes","Clostridia","Oscillospirales","Ruminococcaceae","Caproiciproducens"
"Otu01440",25,"Bacteria","Firmicutes","Clostridia","Clostridiales","Clostridiaceae","Clostridiaceae_unclassified"
"Otu01441",25,"Bacteria","Firmicutes","Clostridia","Lachnospirales","Lachnospiraceae","Lachnospiraceae_unclassified"
"Otu01442",25,"Bacteria","Proteobacteria","Alphaproteobacteria","Rhizobiales","Hyphomicrobiaceae","Hyphomicrobiaceae_unclassified"
"Otu01445",25,"Bacteria","Bacteroidota","Bacteroidia","Chitinophagales","Chitinophagaceae","Chitinophagaceae_unclassified"
"Otu01447",25,"Bacteria","Actinobacteriota","Actinobacteria","Pseudonocardiales","Pseudonocardiaceae","Pseudonocardia"
"Otu01449",25,"Bacteria","Firmicutes","Bacilli","Paenibacillales","Paenibacillaceae","Paenibacillus"
"Otu01450",25,"Bacteria","Proteobacteria","Alphaproteobacteria","Rhizobiales","Hyphomicrobiaceae","Hyphomicrobiaceae_unclassified"
"Otu01451",25,"Bacteria","Firmicutes","Firmicutes_unclassified","Firmicutes_unclassified","Firmicutes_unclassified","Firmicutes_unclassified"
"Otu01452",25,"Bacteria","Firmicutes","Clostridia","Oscillospirales","Oscillospirales_fa","Oscillospirales_ge"
"Otu01453",25,"Bacteria","Firmicutes","Bacilli","Erysipelotrichales","Erysipelotrichaceae","Erysipelotrichaceae_unclassified"
"Otu01454",25,"Bacteria","Proteobacteria","Gammaproteobacteria","Burkholderiales","Rhodocyclaceae","Azospira"
"Otu01455",25,"Bacteria","Firmicutes","Clostridia","Christensenellales","Christensenellaceae","Christensenellaceae_R-7_group"
"Otu01456",25,"Bacteria","Firmicutes","Clostridia","Clostridiales","Clostridiaceae","Clostridiaceae_unclassified"
"Otu01457",25,"Bacteria","Proteobacteria","Alphaproteobacteria","Micavibrionales","Micavibrionales_unclassified","Micavibrionales_unclassified"
"Otu01458",25,"Bacteria","Firmicutes","Clostridia","Oscillospirales","Oscillospirales_unclassified","Oscillospirales_unclassified"
"Otu01459",25,"Bacteria","Firmicutes","Clostridia","Clostridiales","Clostridiaceae","Clostridiaceae_unclassified"
"Otu01460",25,"Bacteria","Firmicutes","Clostridia","Clostridiales","Clostridiaceae","Clostridiaceae_unclassified"
"Otu01461",25,"Bacteria","Myxococcota","Myxococcia","Myxococcales","Myxococcaceae","P3OB-42"
"Otu01462",25,"Bacteria","Proteobacteria","Gammaproteobacteria","Diplorickettsiales","Diplorickettsiaceae","uncultured"
"Otu01463",25,"Bacteria","Firmicutes","Clostridia","Oscillospirales","Ruminococcaceae","Ruminococcaceae_unclassified"
"Otu01464",25,"Bacteria","Proteobacteria","Alphaproteobacteria","Alphaproteobacteria_unclassified","Alphaproteobacteria_unclassified","Alphaproteobacteria_unclassified"
"Otu01465",25,"Bacteria","Actinobacteriota","Rubrobacteria","Rubrobacterales","Rubrobacteriaceae","Rubrobacter"
"Otu01466",25,"Bacteria","Bacteroidota","Bacteroidia","Bacteroidales","Tannerellaceae","Tannerellaceae_unclassified"
"Otu01467",25,"Bacteria","Firmicutes","Clostridia","Clostridiales","Clostridiaceae","Clostridiaceae_unclassified"
"Otu01468",25,"Bacteria","Firmicutes","Clostridia","Oscillospirales","Ruminococcaceae","Anaerotruncus"
"Otu01469",25,"Bacteria","Bacteroidota","Bacteroidia","Sphingobacteriales","AKYH767","AKYH767_ge"
"Otu01470",25,"Bacteria","Bacteroidota","Bacteroidia","Chitinophagales","Saprospiraceae","uncultured"
"Otu01471",25,"Bacteria","Proteobacteria","Alphaproteobacteria","Sphingomonadales","Sphingomonadaceae","Porphyrobacter"
"Otu01472",24,"Bacteria","Proteobacteria","Alphaproteobacteria","Rhizobiales","Beijerinckiaceae","Methylobacterium-Methylorubrum"
"Otu01473",24,"Bacteria","Proteobacteria","Gammaproteobacteria","Gammaproteobacteria_unclassified","Gammaproteobacteria_unclassified","Gammaproteobacteria_unclassified"
"Otu01474",24,"Bacteria","Bacteroidota","Bacteroidia","Bacteroidia_unclassified","Bacteroidia_unclassified","Bacteroidia_unclassified"
"Otu01475",24,"Bacteria","Bdellovibrionota","Oligoflexia","Silvanigrellales","Silvanigrellaceae","uncultured"
"Otu01476",24,"Bacteria","Bacteroidota","Bacteroidia","Chitinophagales","Chitinophagaceae","Chitinophagaceae_unclassified"
"Otu01477",24,"Bacteria","Proteobacteria","Gammaproteobacteria","Enterobacterales","Enterobacteriaceae","Enterobacteriaceae_unclassified"
"Otu01478",24,"Bacteria","Firmicutes","Bacilli","Bacillales","Bacillales_unclassified","Bacillales_unclassified"
"Otu01479",24,"Bacteria","Firmicutes","Bacilli","Lactobacillales","Streptococcaceae","Streptococcus"
"Otu01480",24,"Bacteria","Firmicutes","Clostridia","Clostridiales","Clostridiaceae","Clostridiaceae_unclassified"
"Otu01481",24,"Bacteria","Proteobacteria","Gammaproteobacteria","Burkholderiales","Comamonadaceae","Comamonadaceae_unclassified"
"Otu01482",24,"Bacteria","Cyanobacteria","Vampirivibrionia","Gastranaerophilales","Gastranaerophilales_fa","Gastranaerophilales_ge"
"Otu01483",24,"Bacteria","Firmicutes","Clostridia","Peptostreptococcales-Tissierellales","Anaerovoracaceae","Anaerovoracaceae_unclassified"
"Otu01484",24,"Bacteria","Firmicutes","Clostridia","Clostridia_unclassified","Clostridia_unclassified","Clostridia_unclassified"
"Otu01485",24,"Bacteria","Firmicutes","Clostridia","Lachnospirales","Lachnospiraceae","Lachnospiraceae_unclassified"
"Otu01487",24,"Bacteria","Bacteroidota","Bacteroidia","Chitinophagales","Chitinophagaceae","Chitinophagaceae_unclassified"
"Otu01488",24,"Bacteria","Bdellovibrionota","Bdellovibrionia","Bdellovibrionales","Bdellovibrionaceae","Bdellovibrio"
"Otu01489",24,"Bacteria","Proteobacteria","Gammaproteobacteria","Enterobacterales","Enterobacterales_unclassified","Enterobacterales_unclassified"
"Otu01490",24,"Bacteria","Myxococcota","Polyangia","Polyangiales","Sandaracinaceae","uncultured"
"Otu01491",24,"Bacteria","Proteobacteria","Gammaproteobacteria","Enterobacterales","Enterobacterales_unclassified","Enterobacterales_unclassified"
"Otu01492",24,"Bacteria","Firmicutes","Clostridia","Peptostreptococcales-Tissierellales","Peptostreptococcaceae","Peptostreptococcaceae_unclassified"
"Otu01493",24,"Bacteria","Firmicutes","Clostridia","Clostridiales","Clostridiaceae","Clostridiaceae_unclassified"
"Otu01494",24,"Bacteria","Bacteroidota","Bacteroidia","Chitinophagales","Chitinophagaceae","Chitinophagaceae_unclassified"
"Otu01495",24,"Bacteria","Proteobacteria","Gammaproteobacteria","Gammaproteobacteria_unclassified","Gammaproteobacteria_unclassified","Gammaproteobacteria_unclassified"
"Otu01497",24,"Bacteria","Firmicutes","Clostridia","Lachnospirales","Lachnospiraceae","Lachnospiraceae_unclassified"
"Otu01499",24,"Bacteria","Bacteroidota","Bacteroidia","Cytophagales","Microscillaceae","Hassallia"
"Otu01500",24,"Bacteria","Firmicutes","Clostridia","Christensenellales","Christensenellaceae","Christensenellaceae_R-7_group"
"Otu01502",24,"Bacteria","Firmicutes","Clostridia","Clostridia_UCG-014","Clostridia_UCG-014_fa","Clostridia_UCG-014_ge"
"Otu01503",24,"Bacteria","Firmicutes","Clostridia","Clostridiales","Clostridiaceae","Clostridiaceae_unclassified"
"Otu01505",24,"Bacteria","Myxococcota","Myxococcia","Myxococcales","Myxococcaceae","P3OB-42"
"Otu01506",24,"Bacteria","Bacteroidota","Bacteroidia","Cytophagales","Amoebophilaceae","Candidatus_Amoebophilus"
"Otu01507",24,"Bacteria","Firmicutes","Clostridia","Peptostreptococcales-Tissierellales","Peptostreptococcaceae","Peptostreptococcaceae_unclassified"
"Otu01508",24,"Bacteria","Proteobacteria","Gammaproteobacteria","Burkholderiales","Oxalobacteraceae","Duganella"
"Otu01509",24,"Bacteria","Firmicutes","Clostridia","Clostridiales","Clostridiaceae","Clostridiaceae_unclassified"
"Otu01510",24,"Bacteria","Actinobacteriota","Actinobacteria","Micrococcales","Microbacteriaceae","Agromyces"
"Otu01511",23,"Bacteria","Firmicutes","Bacilli","Thermoactinomycetales","Thermoactinomycetaceae","Planifilum"
"Otu01512",23,"Bacteria","Cyanobacteria","Vampirivibrionia","Gastranaerophilales","Gastranaerophilales_fa","Gastranaerophilales_ge"
"Otu01513",23,"Bacteria","Bacteroidota","Bacteroidia","Flavobacteriales","Flavobacteriaceae","Flavobacterium"
"Otu01514",23,"Bacteria","Firmicutes","Clostridia","Clostridiales","Clostridiaceae","Clostridiaceae_unclassified"
"Otu01515",23,"Bacteria","Firmicutes","Clostridia","Clostridiales","Clostridiaceae","Clostridiaceae_unclassified"
"Otu01516",23,"Bacteria","Proteobacteria","Alphaproteobacteria","Rhizobiales","A0839","A0839_ge"
"Otu01517",23,"Bacteria","Proteobacteria","Alphaproteobacteria","Sphingomonadales","Sphingomonadaceae","Sphingomonadaceae_unclassified"
"Otu01518",23,"Bacteria","Firmicutes","Clostridia","Oscillospirales","Oscillospirales_unclassified","Oscillospirales_unclassified"
"Otu01519",23,"Bacteria","Firmicutes","Clostridia","Lachnospirales","Lachnospiraceae","Lachnospiraceae_unclassified"
"Otu01520",23,"Bacteria","Firmicutes","Clostridia","Clostridiales","Clostridiaceae","Clostridiaceae_unclassified"
"Otu01521",23,"Bacteria","Firmicutes","Bacilli","Lactobacillales","Lactobacillaceae","Lactobacillus"
"Otu01522",23,"Bacteria","Firmicutes","Clostridia","Oscillospirales","Oscillospiraceae","NK4A214_group"
"Otu01523",23,"Bacteria","Bacteroidota","Bacteroidia","Bacteroidales","Bacteroidales_unclassified","Bacteroidales_unclassified"
"Otu01524",23,"Bacteria","Proteobacteria","Gammaproteobacteria","Burkholderiales","Comamonadaceae","Comamonadaceae_unclassified"
"Otu01525",23,"Bacteria","Proteobacteria","Gammaproteobacteria","Burkholderiales","B1-7BS","B1-7BS_ge"
"Otu01526",23,"Bacteria","Bacteroidota","Bacteroidia","Bacteroidales","Bacteroidaceae","Bacteroides"
"Otu01527",23,"Bacteria","Proteobacteria","Gammaproteobacteria","Enterobacterales","Enterobacterales_unclassified","Enterobacterales_unclassified"
"Otu01528",23,"Bacteria","Firmicutes","Bacilli","RF39","RF39_fa","RF39_ge"
"Otu01529",23,"Bacteria","Proteobacteria","Gammaproteobacteria","Enterobacterales","Enterobacterales_unclassified","Enterobacterales_unclassified"
"Otu01530",23,"Bacteria","Firmicutes","Clostridia","Clostridiales","Clostridiaceae","Clostridiaceae_unclassified"
"Otu01531",23,"Bacteria","Proteobacteria","Gammaproteobacteria","Gammaproteobacteria_unclassified","Gammaproteobacteria_unclassified","Gammaproteobacteria_unclassified"
"Otu01532",23,"Bacteria","Firmicutes","Clostridia","Clostridia_unclassified","Clostridia_unclassified","Clostridia_unclassified"
"Otu01534",23,"Bacteria","Proteobacteria","Alphaproteobacteria","Acetobacterales","Acetobacteraceae","uncultured"
"Otu01535",23,"Bacteria","Firmicutes","Bacilli","Alicyclobacillales","Alicyclobacillaceae","Tumebacillus"
"Otu01536",23,"Bacteria","Firmicutes","Clostridia","Lachnospirales","Lachnospiraceae","Lachnospiraceae_unclassified"
"Otu01537",23,"Bacteria","Proteobacteria","Gammaproteobacteria","Burkholderiales","Chitinibacteraceae","Chitinibacter"
"Otu01539",23,"Bacteria","Firmicutes","Bacilli","Acholeplasmatales","Acholeplasmataceae","Acholeplasmataceae_unclassified"
"Otu01540",23,"Bacteria","Proteobacteria","Gammaproteobacteria","Pseudomonadales","Pseudomonadales_unclassified","Pseudomonadales_unclassified"
"Otu01541",23,"Bacteria","Firmicutes","Clostridia","Peptostreptococcales-Tissierellales","Peptostreptococcaceae","Peptostreptococcaceae_unclassified"
"Otu01542",23,"Bacteria","Chloroflexi","Anaerolineae","SBR1031","SBR1031_fa","SBR1031_ge"
"Otu01543",23,"Bacteria","Firmicutes","Clostridia","Clostridia_unclassified","Clostridia_unclassified","Clostridia_unclassified"
"Otu01544",23,"Bacteria","Firmicutes","Clostridia","Peptostreptococcales-Tissierellales","Peptostreptococcaceae","Peptostreptococcaceae_unclassified"
"Otu01545",23,"Bacteria","Firmicutes","Clostridia","Lachnospirales","Lachnospiraceae","Lachnospiraceae_unclassified"
"Otu01546",23,"Bacteria","Firmicutes","Clostridia","Clostridia_unclassified","Clostridia_unclassified","Clostridia_unclassified"
"Otu01547",23,"Bacteria","Verrucomicrobiota","Lentisphaeria","Lentisphaeria_unclassified","Lentisphaeria_unclassified","Lentisphaeria_unclassified"
"Otu01548",23,"Bacteria","Firmicutes","Clostridia","Clostridiales","Clostridiaceae","Clostridium_sensu_stricto_1"
"Otu01549",23,"Bacteria","Proteobacteria","Gammaproteobacteria","Enterobacterales","Enterobacteriaceae","Enterobacteriaceae_unclassified"
"Otu01550",22,"Bacteria","Proteobacteria","Gammaproteobacteria","Enterobacterales","Enterobacteriaceae","Enterobacteriaceae_unclassified"
"Otu01551",22,"Bacteria","Firmicutes","Clostridia","Peptostreptococcales-Tissierellales","Peptostreptococcaceae","Peptostreptococcaceae_unclassified"
"Otu01552",22,"Bacteria","Firmicutes","Clostridia","Oscillospirales","Ruminococcaceae","Ruminococcaceae_unclassified"
"Otu01553",22,"Bacteria","Bacteroidota","Bacteroidia","Bacteroidales","Rikenellaceae","Rikenella"
"Otu01554",22,"Bacteria","Proteobacteria","Gammaproteobacteria","Burkholderiales","Comamonadaceae","Comamonadaceae_unclassified"
"Otu01555",22,"Bacteria","Proteobacteria","Gammaproteobacteria","Burkholderiales","Burkholderiales_unclassified","Burkholderiales_unclassified"
"Otu01556",22,"Bacteria","Firmicutes","Clostridia","Clostridiales","Clostridiaceae","Clostridiaceae_unclassified"
"Otu01557",22,"Bacteria","Actinobacteriota","Actinobacteria","Corynebacteriales","Dietziaceae","Dietzia"
"Otu01558",22,"Bacteria","Actinobacteriota","Actinobacteria","Micrococcales","Promicromonosporaceae","Cellulosimicrobium"
"Otu01559",22,"Bacteria","Firmicutes","Clostridia","Oscillospirales","Ruminococcaceae","Anaerotruncus"
"Otu01560",22,"Bacteria","Firmicutes","Clostridia","Clostridia_UCG-014","Clostridia_UCG-014_fa","Clostridia_UCG-014_ge"
"Otu01561",22,"Bacteria","Bacteroidota","Bacteroidia","Bacteroidales","Rikenellaceae","Alistipes"
"Otu01562",22,"Bacteria","Firmicutes","Clostridia","Clostridiales","Clostridiaceae","Clostridiaceae_unclassified"
"Otu01563",22,"Bacteria","Bacteroidota","Bacteroidia","Bacteroidales","Bacteroidaceae","Bacteroides"
"Otu01564",22,"Bacteria","Proteobacteria","Alphaproteobacteria","Rhizobiales","Pleomorphomonadaceae","Pleomorphomonas"
"Otu01565",22,"Bacteria","Proteobacteria","Gammaproteobacteria","Burkholderiales","Rhodocyclaceae","Zoogloea"
"Otu01566",22,"Bacteria","Firmicutes","Clostridia","Peptococcales","Peptococcaceae","uncultured"
"Otu01568",22,"Bacteria","Actinobacteriota","Actinobacteria","Streptosporangiales","Streptosporangiaceae","Streptosporangiaceae_unclassified"
"Otu01569",22,"Bacteria","Firmicutes","Clostridia","Christensenellales","Christensenellaceae","Christensenellaceae_R-7_group"
"Otu01570",22,"Bacteria","Firmicutes","Clostridia","Clostridia_UCG-014","Clostridia_UCG-014_fa","Clostridia_UCG-014_ge"
"Otu01571",22,"Bacteria","Actinobacteriota","Actinobacteria","Micrococcales","Micrococcaceae","Sinomonas"
"Otu01572",22,"Bacteria","Proteobacteria","Gammaproteobacteria","Burkholderiales","Comamonadaceae","Comamonadaceae_unclassified"
"Otu01573",22,"Bacteria","Firmicutes","Clostridia","Oscillospirales","Ruminococcaceae","Ruminococcaceae_unclassified"
"Otu01574",22,"Bacteria","Proteobacteria","Alphaproteobacteria","Rhizobiales","Beijerinckiaceae","Methylobacterium-Methylorubrum"
"Otu01575",22,"Bacteria","Proteobacteria","Alphaproteobacteria","Acetobacterales","Acetobacteraceae","Roseomonas"
"Otu01576",22,"Bacteria","Firmicutes","Clostridia","Peptostreptococcales-Tissierellales","Anaerovoracaceae","Anaerovoracaceae_ge"
"Otu01577",22,"Bacteria","Firmicutes","Clostridia","Peptostreptococcales-Tissierellales","Family_XI","Finegoldia"
"Otu01578",22,"Bacteria","Firmicutes","Bacilli","Paenibacillales","Paenibacillaceae","Paenibacillaceae_unclassified"
"Otu01579",22,"Bacteria","Bacteria_unclassified","Bacteria_unclassified","Bacteria_unclassified","Bacteria_unclassified","Bacteria_unclassified"
"Otu01580",22,"Bacteria","Acidobacteriota","Acidobacteriae","Acidobacteriales","Acidobacteriaceae_","Terriglobus"
"Otu01581",22,"Bacteria","Bacteroidota","Bacteroidia","Sphingobacteriales","Sphingobacteriaceae","Sphingobacterium"
"Otu01582",22,"Bacteria","Firmicutes","Bacilli","Lactobacillales","Lactobacillales_unclassified","Lactobacillales_unclassified"
"Otu01584",22,"Bacteria","Proteobacteria","Gammaproteobacteria","Gammaproteobacteria_unclassified","Gammaproteobacteria_unclassified","Gammaproteobacteria_unclassified"
"Otu01585",22,"Bacteria","Bdellovibrionota","Bdellovibrionia","Bdellovibrionales","Bdellovibrionaceae","OM27_clade"
"Otu01587",22,"Bacteria","Bacteroidota","Bacteroidia","Bacteroidales","Bacteroidales_unclassified","Bacteroidales_unclassified"
"Otu01588",22,"Bacteria","Firmicutes","Clostridia","Lachnospirales","Lachnospiraceae","Lachnospiraceae_unclassified"
"Otu01589",22,"Bacteria","Proteobacteria","Gammaproteobacteria","Enterobacterales","Enterobacteriaceae","Enterobacteriaceae_unclassified"
"Otu01590",22,"Bacteria","Firmicutes","Clostridia","Clostridiales","Clostridiaceae","Clostridiaceae_unclassified"
"Otu01591",22,"Bacteria","Proteobacteria","Gammaproteobacteria","Burkholderiales","Sutterellaceae","uncultured"
"Otu01592",22,"Bacteria","Firmicutes","Clostridia","Peptostreptococcales-Tissierellales","Peptostreptococcaceae","Peptostreptococcaceae_unclassified"
"Otu01593",22,"Bacteria","Bacteria_unclassified","Bacteria_unclassified","Bacteria_unclassified","Bacteria_unclassified","Bacteria_unclassified"
"Otu01594",22,"Bacteria","Firmicutes","Bacilli","Bacillales","Bacillales_unclassified","Bacillales_unclassified"
"Otu01595",22,"Bacteria","Firmicutes","Clostridia","Clostridiales","Clostridiaceae","Clostridiaceae_unclassified"
"Otu01596",22,"Bacteria","Firmicutes","Clostridia","Oscillospirales","Oscillospiraceae","Oscillospiraceae_unclassified"
"Otu01597",22,"Bacteria","Planctomycetota","OM190","OM190_or","OM190_fa","OM190_ge"
"Otu01598",22,"Bacteria","Firmicutes","Clostridia","Peptostreptococcales-Tissierellales","Peptostreptococcaceae","Peptostreptococcaceae_unclassified"
"Otu01599",22,"Bacteria","Firmicutes","Clostridia","Clostridia_unclassified","Clostridia_unclassified","Clostridia_unclassified"
"Otu01601",22,"Bacteria","Firmicutes","Clostridia","Clostridiales","Clostridiaceae","Clostridiaceae_unclassified"
"Otu01602",21,"Bacteria","Firmicutes","Clostridia","Clostridiales","Clostridiaceae","Clostridiaceae_unclassified"
"Otu01603",21,"Bacteria","Firmicutes","Clostridia","Lachnospirales","Lachnospiraceae","Lachnospiraceae_unclassified"
"Otu01605",21,"Bacteria","Firmicutes","Clostridia","Clostridiales","Clostridiaceae","Clostridiaceae_unclassified"
"Otu01606",21,"Bacteria","Proteobacteria","Gammaproteobacteria","Pseudomonadales","Moraxellaceae","Alkanindiges"
"Otu01607",21,"Bacteria","Firmicutes","Bacilli","Paenibacillales","Paenibacillaceae","Paenibacillus"
"Otu01608",21,"Bacteria","Actinobacteriota","Actinobacteria","Frankiales","Sporichthyaceae","Sporichthyaceae_unclassified"
"Otu01609",21,"Bacteria","Firmicutes","Bacilli","Staphylococcales","Staphylococcaceae","Jeotgalicoccus"
"Otu01610",21,"Bacteria","Actinobacteriota","Actinobacteria","Corynebacteriales","Corynebacteriaceae","Corynebacterium"
"Otu01611",21,"Bacteria","Proteobacteria","Gammaproteobacteria","Burkholderiales","Oxalobacteraceae","Massilia"
"Otu01612",21,"Bacteria","Firmicutes","Clostridia","Clostridia_unclassified","Clostridia_unclassified","Clostridia_unclassified"
"Otu01613",21,"Bacteria","Planctomycetota","vadinHA49","vadinHA49_or","vadinHA49_fa","vadinHA49_ge"
"Otu01615",21,"Bacteria","Bacteroidota","Bacteroidia","Flavobacteriales","Weeksellaceae","Weeksellaceae_unclassified"
"Otu01617",21,"Bacteria","Proteobacteria","Gammaproteobacteria","Burkholderiales","Comamonadaceae","Comamonadaceae_unclassified"
"Otu01618",21,"Bacteria","Fusobacteriota","Fusobacteriia","Fusobacteriales","Fusobacteriaceae","Cetobacterium"
"Otu01619",21,"Bacteria","Bacteroidota","Bacteroidia","Bacteroidales","Bacteroidaceae","Bacteroides"
"Otu01620",21,"Bacteria","Bacteroidota","Bacteroidia","Chitinophagales","Chitinophagaceae","Chitinophagaceae_unclassified"
"Otu01621",21,"Bacteria","Proteobacteria","Alphaproteobacteria","Rhizobiales","Xanthobacteraceae","Pseudolabrys"
"Otu01622",21,"Bacteria","Proteobacteria","Gammaproteobacteria","Burkholderiales","Chromobacteriaceae","Vogesella"
"Otu01625",21,"Bacteria","Firmicutes","Clostridia","Clostridiales","Clostridiaceae","Clostridiaceae_unclassified"
"Otu01626",21,"Bacteria","Proteobacteria","Gammaproteobacteria","Salinisphaerales","Solimonadaceae","uncultured"
"Otu01627",21,"Bacteria","Bacteroidota","Bacteroidia","Bacteroidales","Bacteroidaceae","Bacteroides"
"Otu01628",21,"Bacteria","Proteobacteria","Gammaproteobacteria","Burkholderiales","Burkholderiales_unclassified","Burkholderiales_unclassified"
"Otu01629",21,"Bacteria","Actinobacteriota","Coriobacteriia","Coriobacteriales","Eggerthellaceae","Eggerthella"
"Otu01630",21,"Bacteria","Cyanobacteria","Sericytochromatia","Sericytochromatia_or","Sericytochromatia_fa","Sericytochromatia_ge"
"Otu01631",21,"Bacteria","Firmicutes","Clostridia","Peptostreptococcales-Tissierellales","Peptostreptococcaceae","Peptostreptococcaceae_unclassified"
"Otu01632",21,"Bacteria","Firmicutes","Clostridia","Clostridia_vadinBB60_group","Clostridia_vadinBB60_group_fa","Clostridia_vadinBB60_group_ge"
"Otu01633",21,"Bacteria","Proteobacteria","Gammaproteobacteria","Gammaproteobacteria_unclassified","Gammaproteobacteria_unclassified","Gammaproteobacteria_unclassified"
"Otu01634",21,"Bacteria","Actinobacteriota","Coriobacteriia","Coriobacteriales","Eggerthellaceae","Gordonibacter"
"Otu01635",21,"Bacteria","Proteobacteria","Alphaproteobacteria","Caulobacterales","Caulobacteraceae","Phenylobacterium"
"Otu01636",21,"Bacteria","Verrucomicrobiota","Verrucomicrobiae","Verrucomicrobiales","Rubritaleaceae","Luteolibacter"
"Otu01637",21,"Bacteria","Firmicutes","Bacilli","Lactobacillales","Lactobacillales_unclassified","Lactobacillales_unclassified"
"Otu01638",21,"Bacteria","Firmicutes","Clostridia","Oscillospirales","Oscillospiraceae","Oscillospiraceae_unclassified"
"Otu01639",21,"Bacteria","Firmicutes","Bacilli","Erysipelotrichales","Erysipelotrichaceae","Erysipelotrichaceae_unclassified"
"Otu01641",21,"Bacteria","Firmicutes","Clostridia","Lachnospirales","Lachnospiraceae","Lachnospiraceae_unclassified"
"Otu01642",21,"Bacteria","Firmicutes","Clostridia","Clostridiales","Clostridiaceae","Clostridium_sensu_stricto_8"
"Otu01643",21,"Bacteria","Actinobacteriota","Actinobacteria","Propionibacteriales","Propionibacteriaceae","Propionibacteriaceae_unclassified"
"Otu01644",21,"Bacteria","Firmicutes","Bacilli","Bacillales","Bacillaceae","Oceanobacillus"
"Otu01645",21,"Bacteria","Proteobacteria","Alphaproteobacteria","Sphingomonadales","Sphingomonadaceae","Sphingopyxis"
"Otu01647",21,"Bacteria","Acidobacteriota","Subgroup_22","Subgroup_22_or","Subgroup_22_fa","Subgroup_22_ge"
"Otu01649",21,"Bacteria","Firmicutes","Clostridia","Peptostreptococcales-Tissierellales","Anaerovoracaceae","Anaerovorax"
"Otu01651",21,"Bacteria","Planctomycetota","Planctomycetes","Planctomycetales","Rubinisphaeraceae","SH-PL14"
"Otu01652",21,"Bacteria","Firmicutes","Clostridia","Clostridiales","Clostridiaceae","Clostridiaceae_unclassified"
"Otu01653",21,"Bacteria","Firmicutes","Clostridia","Clostridiales","Clostridiaceae","Clostridium_sensu_stricto_1"
"Otu01654",21,"Bacteria","Firmicutes","Clostridia","Clostridiales","Clostridiaceae","Clostridiaceae_unclassified"
"Otu01655",21,"Bacteria","Actinobacteriota","Actinobacteria","Micrococcales","Microbacteriaceae","Agrococcus"
"Otu01656",20,"Bacteria","Bacteroidota","Bacteroidia","Cytophagales","Hymenobacteraceae","Hymenobacter"
"Otu01657",20,"Bacteria","Firmicutes","Clostridia","Oscillospirales","Ruminococcaceae","Incertae_Sedis"
"Otu01659",20,"Bacteria","Proteobacteria","Gammaproteobacteria","Enterobacterales","Morganellaceae","Morganella"
"Otu01660",20,"Bacteria","Bacteroidota","Bacteroidia","Bacteroidia_unclassified","Bacteroidia_unclassified","Bacteroidia_unclassified"
"Otu01661",20,"Bacteria","Firmicutes","Clostridia","Oscillospirales","Oscillospirales_unclassified","Oscillospirales_unclassified"
"Otu01662",20,"Bacteria","Firmicutes","Clostridia","Peptostreptococcales-Tissierellales","Peptostreptococcaceae","Peptostreptococcaceae_unclassified"
"Otu01663",20,"Bacteria","Firmicutes","Clostridia","Oscillospirales","Oscillospirales_unclassified","Oscillospirales_unclassified"
"Otu01664",20,"Bacteria","Proteobacteria","Gammaproteobacteria","Burkholderiales","Comamonadaceae","Comamonadaceae_unclassified"
"Otu01665",20,"Bacteria","Proteobacteria","Gammaproteobacteria","Burkholderiales","Neisseriaceae","Kingella"
"Otu01666",20,"Bacteria","Proteobacteria","Gammaproteobacteria","Enterobacterales","Enterobacterales_unclassified","Enterobacterales_unclassified"
"Otu01667",20,"Bacteria","Firmicutes","Clostridia","Peptostreptococcales-Tissierellales","Peptostreptococcaceae","Peptostreptococcaceae_unclassified"
"Otu01668",20,"Bacteria","Firmicutes","Clostridia","Lachnospirales","Lachnospiraceae","Lachnospiraceae_ge"
"Otu01669",20,"Bacteria","Firmicutes","Clostridia","Clostridiales","Clostridiaceae","Clostridiaceae_unclassified"
"Otu01670",20,"Bacteria","Firmicutes","Clostridia","Clostridiales","Clostridiaceae","Clostridiaceae_unclassified"
"Otu01672",20,"Bacteria","Bacteria_unclassified","Bacteria_unclassified","Bacteria_unclassified","Bacteria_unclassified","Bacteria_unclassified"
"Otu01673",20,"Bacteria","Actinobacteriota","Thermoleophilia","Solirubrobacterales","Solirubrobacteraceae","Solirubrobacter"
"Otu01674",20,"Bacteria","Bacteria_unclassified","Bacteria_unclassified","Bacteria_unclassified","Bacteria_unclassified","Bacteria_unclassified"
"Otu01675",20,"Bacteria","Proteobacteria","Gammaproteobacteria","Enterobacterales","Enterobacterales_unclassified","Enterobacterales_unclassified"
"Otu01676",20,"Bacteria","Bacteroidota","Bacteroidia","Flavobacteriales","Flavobacteriaceae","Capnocytophaga"
"Otu01677",20,"Bacteria","Firmicutes","Bacilli","RF39","RF39_fa","RF39_ge"
"Otu01678",20,"Bacteria","Proteobacteria","Gammaproteobacteria","Burkholderiales","Burkholderiales_unclassified","Burkholderiales_unclassified"
"Otu01679",20,"Bacteria","Firmicutes","Clostridia","Oscillospirales","Oscillospirales_unclassified","Oscillospirales_unclassified"
"Otu01680",20,"Bacteria","Firmicutes","Clostridia","Clostridiales","Clostridiaceae","Clostridiaceae_unclassified"
"Otu01681",20,"Bacteria","Firmicutes","Clostridia","Clostridiales","Clostridiaceae","Clostridiaceae_unclassified"
"Otu01683",20,"Bacteria","Verrucomicrobiota","Lentisphaeria","Victivallales","vadinBE97","vadinBE97_ge"
"Otu01684",20,"Bacteria","Firmicutes","Clostridia","Clostridiales","Clostridiaceae","Clostridiaceae_unclassified"
"Otu01685",20,"Bacteria","Bacteroidota","Bacteroidia","Bacteroidales","Rikenellaceae","Alistipes"
"Otu01686",20,"Bacteria","Bacteroidota","Bacteroidia","Bacteroidales","Barnesiellaceae","uncultured"
"Otu01687",20,"Bacteria","Firmicutes","Clostridia","Clostridia_unclassified","Clostridia_unclassified","Clostridia_unclassified"
"Otu01689",20,"Bacteria","Firmicutes","Clostridia","Clostridiales","Clostridiaceae","Clostridiaceae_unclassified"
"Otu01690",20,"Bacteria","Bacteroidota","Bacteroidia","Cytophagales","Spirosomaceae","Flectobacillus"
"Otu01691",20,"Bacteria","Firmicutes","Clostridia","Clostridiales","Clostridiaceae","Clostridiaceae_unclassified"
"Otu01692",20,"Bacteria","Bacteroidota","Bacteroidia","Bacteroidales","Prevotellaceae","Alloprevotella"
"Otu01693",20,"Bacteria","Cyanobacteria","Cyanobacteriia","Leptolyngbyales","Leptolyngbyaceae","Leptolyngbyaceae_unclassified"
"Otu01695",20,"Bacteria","Firmicutes","Clostridia","Clostridia_unclassified","Clostridia_unclassified","Clostridia_unclassified"
"Otu01696",20,"Bacteria","Firmicutes","Clostridia","Clostridiales","Clostridiaceae","Clostridiaceae_unclassified"
"Otu01697",20,"Bacteria","Campylobacterota","Campylobacteria","Campylobacterales","Campylobacteraceae","Campylobacter"
"Otu01698",20,"Bacteria","Acidobacteriota","Blastocatellia","Blastocatellales","Blastocatellaceae","Blastocatellaceae_unclassified"
"Otu01699",19,"Bacteria","Firmicutes","Clostridia","Lachnospirales","Lachnospiraceae","Lachnospiraceae_unclassified"
"Otu01700",19,"Bacteria","Patescibacteria","Patescibacteria_unclassified","Patescibacteria_unclassified","Patescibacteria_unclassified","Patescibacteria_unclassified"
"Otu01701",19,"Bacteria","Firmicutes","Clostridia","Clostridia_vadinBB60_group","Clostridia_vadinBB60_group_fa","Clostridia_vadinBB60_group_ge"
"Otu01703",19,"Bacteria","Proteobacteria","Gammaproteobacteria","Burkholderiales","Comamonadaceae","Comamonadaceae_unclassified"
"Otu01705",19,"Bacteria","Firmicutes","Clostridia","Clostridiales","Clostridiaceae","Clostridiaceae_unclassified"
"Otu01706",19,"Bacteria","Firmicutes","Clostridia","Lachnospirales","Lachnospiraceae","Lachnospiraceae_unclassified"
"Otu01708",19,"Bacteria","Firmicutes","Clostridia","Clostridiales","Clostridiaceae","Clostridiaceae_unclassified"
"Otu01709",19,"Bacteria","Firmicutes","Clostridia","Clostridia_unclassified","Clostridia_unclassified","Clostridia_unclassified"
"Otu01710",19,"Bacteria","Bacteria_unclassified","Bacteria_unclassified","Bacteria_unclassified","Bacteria_unclassified","Bacteria_unclassified"
"Otu01711",19,"Bacteria","Acidobacteriota","Acidobacteriae","Acidobacteriae_or","Acidobacteriae_fa","Paludibaculum"
"Otu01712",19,"Bacteria","Actinobacteriota","Actinobacteria","Propionibacteriales","Propionibacteriaceae","Friedmanniella"
"Otu01713",19,"Bacteria","Firmicutes","Clostridia","Clostridiales","Clostridiaceae","Clostridiaceae_unclassified"
"Otu01714",19,"Bacteria","Firmicutes","Clostridia","Clostridia_unclassified","Clostridia_unclassified","Clostridia_unclassified"
"Otu01715",19,"Bacteria","Proteobacteria","Gammaproteobacteria","Gammaproteobacteria_unclassified","Gammaproteobacteria_unclassified","Gammaproteobacteria_unclassified"
"Otu01716",19,"Bacteria","Firmicutes","Clostridia","Clostridiales","Clostridiaceae","Clostridiaceae_unclassified"
"Otu01717",19,"Bacteria","Firmicutes","Clostridia","Lachnospirales","Lachnospiraceae","Anaerostignum"
"Otu01718",19,"Bacteria","Firmicutes","Clostridia","Clostridia_unclassified","Clostridia_unclassified","Clostridia_unclassified"
"Otu01719",19,"Bacteria","Firmicutes","Clostridia","Lachnospirales","Lachnospiraceae","Lachnospiraceae_unclassified"
"Otu01720",19,"Bacteria","Actinobacteriota","Actinobacteria","Streptosporangiales","Nocardiopsaceae","Thermobifida"
"Otu01721",19,"Bacteria","Firmicutes","Clostridia","Clostridiales","Clostridiaceae","Clostridiaceae_unclassified"
"Otu01722",19,"Bacteria","Actinobacteriota","Actinobacteria","Micrococcales","Brevibacteriaceae","Brevibacterium"
"Otu01723",19,"Bacteria","Proteobacteria","Gammaproteobacteria","Gammaproteobacteria_Incertae_Sedis","Unknown_Family","Acidibacter"
"Otu01724",19,"Bacteria","Proteobacteria","Gammaproteobacteria","Pseudomonadales","Pseudomonadales_unclassified","Pseudomonadales_unclassified"
"Otu01725",19,"Bacteria","Proteobacteria","Gammaproteobacteria","Burkholderiales","Comamonadaceae","Comamonadaceae_unclassified"
"Otu01726",19,"Bacteria","Firmicutes","Clostridia","Oscillospirales","UCG-010","UCG-010_ge"
"Otu01727",19,"Bacteria","Firmicutes","Clostridia","Clostridiales","Clostridiaceae","Clostridiaceae_unclassified"
"Otu01728",19,"Bacteria","Cyanobacteria","Cyanobacteriia","Leptolyngbyales","Leptolyngbyaceae","Leptolyngbyaceae_unclassified"
"Otu01729",19,"Bacteria","Proteobacteria","Gammaproteobacteria","Legionellales","Legionellaceae","Legionella"
"Otu01730",19,"Bacteria","Proteobacteria","Gammaproteobacteria","Xanthomonadales","Xanthomonadaceae","Pseudoxanthomonas"
"Otu01731",19,"Bacteria","Firmicutes","Firmicutes_unclassified","Firmicutes_unclassified","Firmicutes_unclassified","Firmicutes_unclassified"
"Otu01732",19,"Bacteria","Firmicutes","Clostridia","Oscillospirales","Ruminococcaceae","Angelakisella"
"Otu01733",19,"Bacteria","Firmicutes","Clostridia","Peptostreptococcales-Tissierellales","Anaerovoracaceae","Anaerovoracaceae_unclassified"
"Otu01734",19,"Bacteria","Firmicutes","Clostridia","Oscillospirales","Oscillospirales_unclassified","Oscillospirales_unclassified"
"Otu01736",19,"Bacteria","Actinobacteriota","Actinobacteria","Frankiales","Geodermatophilaceae","Geodermatophilus"
"Otu01737",19,"Bacteria","Firmicutes","Clostridia","Oscillospirales","Oscillospiraceae","Oscillospiraceae_unclassified"
"Otu01738",19,"Bacteria","Verrucomicrobiota","Lentisphaeria","Victivallales","Victivallaceae","Victivallaceae_ge"
"Otu01739",19,"Bacteria","Firmicutes","Clostridia","Oscillospirales","Ruminococcaceae","Ruminococcaceae_unclassified"
"Otu01740",19,"Bacteria","Firmicutes","Clostridia","Lachnospirales","Lachnospiraceae","Lachnospiraceae_unclassified"
"Otu01741",19,"Bacteria","Firmicutes","Clostridia","Clostridiales","Clostridiaceae","Clostridiaceae_unclassified"
"Otu01742",19,"Bacteria","Proteobacteria","Gammaproteobacteria","Enterobacterales","Enterobacteriaceae","Enterobacteriaceae_unclassified"
"Otu01743",19,"Bacteria","Firmicutes","Clostridia","Peptostreptococcales-Tissierellales","Peptostreptococcales-Tissierellales_unclassified","Peptostreptococcales-Tissierellales_unclassified"
"Otu01744",19,"Bacteria","Firmicutes","Bacilli","Lactobacillales","Lactobacillaceae","Lentilactobacillus"
"Otu01745",19,"Bacteria","Firmicutes","Clostridia","Clostridiales","Clostridiaceae","Clostridiaceae_unclassified"
"Otu01746",19,"Bacteria","Proteobacteria","Alphaproteobacteria","Rhodospirillales","Rhodospirillales_unclassified","Rhodospirillales_unclassified"
"Otu01748",19,"Bacteria","Firmicutes","Clostridia","Oscillospirales","UCG-010","UCG-010_ge"
"Otu01749",19,"Bacteria","Proteobacteria","Alphaproteobacteria","Alphaproteobacteria_unclassified","Alphaproteobacteria_unclassified","Alphaproteobacteria_unclassified"
"Otu01750",19,"Bacteria","Firmicutes","Clostridia","Peptostreptococcales-Tissierellales","Peptostreptococcales-Tissierellales_unclassified","Peptostreptococcales-Tissierellales_unclassified"
"Otu01751",19,"Bacteria","Cyanobacteria","Vampirivibrionia","Gastranaerophilales","Gastranaerophilales_fa","Gastranaerophilales_ge"
"Otu01752",18,"Bacteria","Bacteroidota","Bacteroidia","Chitinophagales","Chitinophagaceae","Chitinophagaceae_unclassified"
"Otu01753",18,"Bacteria","Firmicutes","Clostridia","Lachnospirales","Lachnospiraceae","Lachnospiraceae_unclassified"
"Otu01754",18,"Bacteria","Firmicutes","Clostridia","Peptostreptococcales-Tissierellales","Peptostreptococcaceae","Peptostreptococcaceae_unclassified"
"Otu01755",18,"Bacteria","Bacteria_unclassified","Bacteria_unclassified","Bacteria_unclassified","Bacteria_unclassified","Bacteria_unclassified"
"Otu01756",18,"Bacteria","Proteobacteria","Alphaproteobacteria","Rhodospirillales","uncultured","uncultured_ge"
"Otu01757",18,"Bacteria","Firmicutes","Clostridia","Oscillospirales","Oscillospirales_fa","Oscillospirales_ge"
"Otu01759",18,"Bacteria","Planctomycetota","Phycisphaerae","Phycisphaerales","Phycisphaeraceae","SM1A02"
"Otu01760",18,"Bacteria","Firmicutes","Clostridia","Oscillospirales","Ruminococcaceae","Subdoligranulum"
"Otu01761",18,"Bacteria","Firmicutes","Clostridia","Oscillospirales","Oscillospiraceae","Oscillospiraceae_unclassified"
"Otu01762",18,"Bacteria","Proteobacteria","Alphaproteobacteria","Rhizobiales","Xanthobacteraceae","uncultured"
"Otu01763",18,"Bacteria","Firmicutes","Clostridia","Lachnospirales","Lachnospiraceae","Lachnospiraceae_unclassified"
"Otu01764",18,"Bacteria","Firmicutes","Clostridia","Clostridia_unclassified","Clostridia_unclassified","Clostridia_unclassified"
"Otu01765",18,"Bacteria","Bacteroidota","Bacteroidia","Cytophagales","Hymenobacteraceae","Hymenobacter"
"Otu01766",18,"Bacteria","Deinococcota","Deinococci","Thermales","Thermaceae","Thermus"
"Otu01767",18,"Bacteria","Firmicutes","Clostridia","Clostridiales","Clostridiaceae","Clostridiaceae_unclassified"
"Otu01768",18,"Bacteria","Firmicutes","Clostridia","Eubacteriales","Eubacteriaceae","Eubacterium"
"Otu01769",18,"Bacteria","Actinobacteriota","Thermoleophilia","Solirubrobacterales","Solirubrobacteraceae","Solirubrobacter"
"Otu01770",18,"Bacteria","Firmicutes","Bacilli","RF39","RF39_fa","RF39_ge"
"Otu01771",18,"Bacteria","Patescibacteria","Saccharimonadia","Saccharimonadales","Saccharimonadaceae","Saccharimonadaceae_unclassified"
"Otu01772",18,"Bacteria","Firmicutes","Clostridia","Peptococcales","Peptococcaceae","uncultured"
"Otu01773",18,"Bacteria","Firmicutes","Clostridia","Oscillospirales","Ruminococcaceae","Ruminococcaceae_unclassified"
"Otu01774",18,"Bacteria","Proteobacteria","Gammaproteobacteria","Burkholderiales","Burkholderiales_unclassified","Burkholderiales_unclassified"
"Otu01775",18,"Bacteria","Patescibacteria","Parcubacteria","Parcubacteria_unclassified","Parcubacteria_unclassified","Parcubacteria_unclassified"
"Otu01776",18,"Bacteria","Bacteroidota","Bacteroidia","Chitinophagales","Chitinophagaceae","Chitinophagaceae_unclassified"
"Otu01777",18,"Bacteria","Firmicutes","Clostridia","Oscillospirales","Ruminococcaceae","Ruminococcaceae_unclassified"
"Otu01778",18,"Bacteria","Proteobacteria","Gammaproteobacteria","Burkholderiales","Burkholderiales_unclassified","Burkholderiales_unclassified"
"Otu01779",18,"Bacteria","Planctomycetota","Planctomycetes","Pirellulales","Pirellulaceae","uncultured"
"Otu01781",18,"Bacteria","Firmicutes","Clostridia","Lachnospirales","Lachnospiraceae","Lachnospiraceae_unclassified"
"Otu01782",18,"Bacteria","Actinobacteriota","Coriobacteriia","Coriobacteriales","Coriobacteriales_unclassified","Coriobacteriales_unclassified"
"Otu01784",18,"Bacteria","Proteobacteria","Gammaproteobacteria","Enterobacterales","Enterobacteriaceae","Enterobacteriaceae_unclassified"
"Otu01785",18,"Bacteria","Proteobacteria","Gammaproteobacteria","Enterobacterales","Enterobacterales_unclassified","Enterobacterales_unclassified"
"Otu01787",18,"Bacteria","Firmicutes","Clostridia","Clostridia_unclassified","Clostridia_unclassified","Clostridia_unclassified"
"Otu01788",18,"Bacteria","Firmicutes","Clostridia","Monoglobales","Monoglobaceae","Monoglobus"
"Otu01790",18,"Bacteria","Bacteroidota","Bacteroidia","Bacteroidales","Marinifilaceae","Odoribacter"
"Otu01791",18,"Bacteria","Actinobacteriota","Coriobacteriia","Coriobacteriales","Eggerthellaceae","Eggerthella"
"Otu01792",18,"Bacteria","Firmicutes","Clostridia","Clostridia_unclassified","Clostridia_unclassified","Clostridia_unclassified"
"Otu01793",18,"Bacteria","Actinobacteriota","Actinobacteria","Actinobacteria_unclassified","Actinobacteria_unclassified","Actinobacteria_unclassified"
"Otu01794",18,"Bacteria","Proteobacteria","Alphaproteobacteria","Rhizobiales","Rhizobiaceae","Rhizobiaceae_unclassified"
"Otu01795",18,"Bacteria","Proteobacteria","Alphaproteobacteria","Rhizobiales","Rhizobiales_unclassified","Rhizobiales_unclassified"
"Otu01796",18,"Bacteria","Cyanobacteria","Vampirivibrionia","Gastranaerophilales","Gastranaerophilales_fa","Gastranaerophilales_ge"
"Otu01797",18,"Bacteria","Firmicutes","Clostridia","Clostridiales","Clostridiaceae","Clostridiaceae_unclassified"
"Otu01798",18,"Bacteria","Firmicutes","Bacilli","Erysipelotrichales","Erysipelotrichaceae","Erysipelotrichaceae_unclassified"
"Otu01799",18,"Bacteria","Bacteria_unclassified","Bacteria_unclassified","Bacteria_unclassified","Bacteria_unclassified","Bacteria_unclassified"
"Otu01801",18,"Bacteria","Firmicutes","Clostridia","Clostridiales","Clostridiaceae","Clostridiaceae_unclassified"
"Otu01802",18,"Bacteria","Proteobacteria","Alphaproteobacteria","Rhizobiales","Beijerinckiaceae","alphaI_cluster"
"Otu01804",18,"Bacteria","Firmicutes","Clostridia","Clostridiales","Clostridiaceae","Clostridiaceae_unclassified"
"Otu01805",18,"Bacteria","Proteobacteria","Alphaproteobacteria","Rhizobiales","Xanthobacteraceae","Xanthobacteraceae_unclassified"
"Otu01806",18,"Bacteria","Firmicutes","Bacilli","Bacilli_unclassified","Bacilli_unclassified","Bacilli_unclassified"
"Otu01807",18,"Bacteria","Firmicutes","Clostridia","Clostridiales","Clostridiaceae","Clostridiaceae_unclassified"
"Otu01808",18,"Bacteria","Firmicutes","Clostridia","Clostridiales","Clostridiaceae","Clostridiaceae_unclassified"
"Otu01809",18,"Bacteria","Firmicutes","Clostridia","Oscillospirales","Oscillospiraceae","Oscillospiraceae_unclassified"
"Otu01810",18,"Bacteria","Firmicutes","Clostridia","Clostridiales","Clostridiaceae","Clostridiaceae_unclassified"
"Otu01811",18,"Bacteria","Firmicutes","Clostridia","Clostridiales","Clostridiaceae","Clostridiaceae_unclassified"
"Otu01812",17,"Bacteria","Proteobacteria","Proteobacteria_unclassified","Proteobacteria_unclassified","Proteobacteria_unclassified","Proteobacteria_unclassified"
"Otu01813",17,"Bacteria","Bacteroidota","Bacteroidia","Cytophagales","Cytophagaceae","Sporocytophaga"
"Otu01814",17,"Bacteria","Proteobacteria","Gammaproteobacteria","Burkholderiales","Comamonadaceae","Comamonadaceae_unclassified"
"Otu01815",17,"Bacteria","Actinobacteriota","Actinobacteria","Pseudonocardiales","Pseudonocardiaceae","Pseudonocardiaceae_unclassified"
"Otu01816",17,"Bacteria","Firmicutes","Clostridia","Clostridia_unclassified","Clostridia_unclassified","Clostridia_unclassified"
"Otu01819",17,"Bacteria","Bacteria_unclassified","Bacteria_unclassified","Bacteria_unclassified","Bacteria_unclassified","Bacteria_unclassified"
"Otu01820",17,"Bacteria","Bdellovibrionota","Bdellovibrionia","Bacteriovoracales","Bacteriovoracaceae","Peredibacter"
"Otu01821",17,"Bacteria","Proteobacteria","Gammaproteobacteria","Enterobacterales","Enterobacterales_unclassified","Enterobacterales_unclassified"
"Otu01822",17,"Bacteria","Firmicutes","Clostridia","Clostridiales","Clostridiaceae","Clostridiaceae_unclassified"
"Otu01824",17,"Bacteria","Proteobacteria","Gammaproteobacteria","Enterobacterales","Enterobacterales_unclassified","Enterobacterales_unclassified"
"Otu01825",17,"Bacteria","Firmicutes","Clostridia","Oscillospirales","Ruminococcaceae","Anaerotruncus"
"Otu01826",17,"Bacteria","Bacteroidota","Bacteroidia","Bacteroidales","Bacteroidaceae","Bacteroides"
"Otu01827",17,"Bacteria","Proteobacteria","Alphaproteobacteria","Rhizobiales","Rhizobiaceae","Rhizobiaceae_unclassified"
"Otu01828",17,"Bacteria","Proteobacteria","Gammaproteobacteria","Enterobacterales","Enterobacterales_unclassified","Enterobacterales_unclassified"
"Otu01829",17,"Bacteria","Firmicutes","Clostridia","Peptostreptococcales-Tissierellales","Anaerovoracaceae","S5-A14a"
"Otu01830",17,"Bacteria","Firmicutes","Clostridia","Clostridiales","Clostridiaceae","Clostridiaceae_unclassified"
"Otu01831",17,"Bacteria","Proteobacteria","Gammaproteobacteria","Enterobacterales","Enterobacterales_unclassified","Enterobacterales_unclassified"
"Otu01832",17,"Bacteria","Firmicutes","Bacilli","Brevibacillales","Brevibacillaceae","Brevibacillus"
"Otu01833",17,"Bacteria","Firmicutes","Clostridia","Lachnospirales","Lachnospiraceae","Lachnospiraceae_unclassified"
"Otu01834",17,"Bacteria","Firmicutes","Clostridia","Lachnospirales","Lachnospiraceae","Lachnospiraceae_unclassified"
"Otu01835",17,"Bacteria","Bacteroidota","Bacteroidia","Bacteroidales","Bacteroidales_unclassified","Bacteroidales_unclassified"
"Otu01838",17,"Bacteria","Proteobacteria","Gammaproteobacteria","Xanthomonadales","Xanthomonadaceae","Lysobacter"
"Otu01840",17,"Bacteria","Bacteroidota","Bacteroidia","Flavobacteriales","Weeksellaceae","Weeksellaceae_unclassified"
"Otu01841",17,"Bacteria","Firmicutes","Clostridia","Clostridiales","Clostridiaceae","Clostridiaceae_unclassified"
"Otu01842",17,"Bacteria","Bacteria_unclassified","Bacteria_unclassified","Bacteria_unclassified","Bacteria_unclassified","Bacteria_unclassified"
"Otu01843",17,"Bacteria","Firmicutes","Clostridia","Peptostreptococcales-Tissierellales","Peptostreptococcaceae","Peptostreptococcaceae_unclassified"
"Otu01844",17,"Bacteria","Firmicutes","Clostridia","Monoglobales","Monoglobaceae","Monoglobus"
"Otu01845",17,"Bacteria","Firmicutes","Clostridia","Clostridia_unclassified","Clostridia_unclassified","Clostridia_unclassified"
"Otu01846",17,"Bacteria","Bacteroidota","Bacteroidia","Bacteroidales","Marinifilaceae","Odoribacter"
"Otu01847",17,"Bacteria","Firmicutes","Clostridia","Peptostreptococcales-Tissierellales","Peptostreptococcaceae","Peptostreptococcaceae_unclassified"
"Otu01848",17,"Bacteria","Firmicutes","Clostridia","Clostridiales","Clostridiaceae","Clostridiaceae_unclassified"
"Otu01849",17,"Bacteria","Firmicutes","Clostridia","Clostridiales","Clostridiaceae","Clostridiaceae_unclassified"
"Otu01850",17,"Bacteria","Firmicutes","Clostridia","Clostridia_unclassified","Clostridia_unclassified","Clostridia_unclassified"
"Otu01851",17,"Bacteria","Actinobacteriota","Coriobacteriia","Coriobacteriales","Eggerthellaceae","Gordonibacter"
"Otu01852",17,"Bacteria","Actinobacteriota","Actinobacteria","Propionibacteriales","Nocardioidaceae","Nocardioides"
"Otu01853",17,"Bacteria","Bacteroidota","Bacteroidia","Bacteroidales","Bacteroidaceae","Bacteroides"
"Otu01854",17,"Bacteria","Firmicutes","Clostridia","Oscillospirales","Ruminococcaceae","Ruminococcus"
"Otu01855",17,"Bacteria","Fusobacteriota","Fusobacteriia","Fusobacteriales","Fusobacteriaceae","Cetobacterium"
"Otu01856",17,"Bacteria","Bacteroidota","Bacteroidia","Cytophagales","Hymenobacteraceae","Hymenobacter"
"Otu01857",17,"Bacteria","Firmicutes","Clostridia","Peptostreptococcales-Tissierellales","Peptostreptococcaceae","Peptostreptococcaceae_unclassified"
"Otu01858",17,"Bacteria","Firmicutes","Clostridia","Clostridia_UCG-014","Clostridia_UCG-014_fa","Clostridia_UCG-014_ge"
"Otu01859",17,"Bacteria","Firmicutes","Clostridia","Clostridiales","Clostridiaceae","Clostridium_sensu_stricto_1"
"Otu01860",17,"Bacteria","Chloroflexi","Chloroflexia","Chloroflexales","Herpetosiphonaceae","Herpetosiphon"
"Otu01861",17,"Bacteria","Firmicutes","Clostridia","Peptostreptococcales-Tissierellales","Anaerovoracaceae","Anaerovoracaceae_unclassified"
"Otu01862",17,"Bacteria","Bacteroidota","Bacteroidia","Bacteroidales","Bacteroidaceae","Bacteroides"
"Otu01863",17,"Bacteria","Proteobacteria","Alphaproteobacteria","Rhodobacterales","Rhodobacteraceae","Rhodobacteraceae_unclassified"
"Otu01864",17,"Bacteria","Firmicutes","Clostridia","Clostridiales","Clostridiaceae","Clostridiaceae_unclassified"
"Otu01865",17,"Bacteria","Bacteroidota","Bacteroidia","Bacteroidales","Rikenellaceae","Rikenellaceae_unclassified"
"Otu01866",17,"Bacteria","Firmicutes","Clostridia","Clostridiales","Clostridiaceae","Clostridiaceae_unclassified"
"Otu01867",17,"Bacteria","Firmicutes","Clostridia","Clostridiales","Clostridiaceae","Clostridium_sensu_stricto_1"
"Otu01868",17,"Bacteria","Proteobacteria","Alphaproteobacteria","Rhizobiales","Beijerinckiaceae","Methylobacterium-Methylorubrum"
"Otu01869",17,"Bacteria","Firmicutes","Clostridia","Clostridiales","Clostridiaceae","Clostridiaceae_unclassified"
"Otu01870",17,"Bacteria","Bacteroidota","Bacteroidia","Sphingobacteriales","Sphingobacteriaceae","Mucilaginibacter"
"Otu01871",17,"Bacteria","Proteobacteria","Alphaproteobacteria","Alphaproteobacteria_unclassified","Alphaproteobacteria_unclassified","Alphaproteobacteria_unclassified"
"Otu01872",17,"Bacteria","Firmicutes","Bacilli","RF39","RF39_fa","RF39_ge"
"Otu01873",17,"Bacteria","Proteobacteria","Gammaproteobacteria","Burkholderiales","Comamonadaceae","Comamonadaceae_unclassified"
"Otu01874",17,"Bacteria","Firmicutes","Clostridia","Lachnospirales","Lachnospiraceae","Lachnospiraceae_unclassified"
"Otu01875",17,"Bacteria","Firmicutes","Clostridia","Oscillospirales","Oscillospiraceae","Oscillospiraceae_unclassified"
"Otu01876",17,"Bacteria","Proteobacteria","Gammaproteobacteria","Burkholderiales","Comamonadaceae","Comamonadaceae_unclassified"
"Otu01877",17,"Bacteria","Firmicutes","Clostridia","Lachnospirales","Lachnospiraceae","Lachnospiraceae_unclassified"
"Otu01878",17,"Bacteria","Firmicutes","Bacilli","Bacillales","Marinococcaceae","Marinococcus"
"Otu01879",17,"Bacteria","Proteobacteria","Gammaproteobacteria","Burkholderiales","Burkholderiales_unclassified","Burkholderiales_unclassified"
"Otu01880",16,"Bacteria","Actinobacteriota","Actinobacteria","Streptosporangiales","Thermomonosporaceae","Actinomadura"
"Otu01881",16,"Bacteria","Proteobacteria","Gammaproteobacteria","Xanthomonadales","Xanthomonadaceae","Arenimonas"
"Otu01882",16,"Bacteria","Firmicutes","Firmicutes_unclassified","Firmicutes_unclassified","Firmicutes_unclassified","Firmicutes_unclassified"
"Otu01883",16,"Bacteria","Proteobacteria","Gammaproteobacteria","Pseudomonadales","Moraxellaceae","Acinetobacter"
"Otu01884",16,"Bacteria","Bacteria_unclassified","Bacteria_unclassified","Bacteria_unclassified","Bacteria_unclassified","Bacteria_unclassified"
"Otu01885",16,"Bacteria","Firmicutes","Clostridia","Clostridiales","Clostridiaceae","Clostridiaceae_unclassified"
"Otu01886",16,"Bacteria","Firmicutes","Clostridia","Clostridiales","Clostridiaceae","Clostridiaceae_unclassified"
"Otu01887",16,"Bacteria","Planctomycetota","Planctomycetes","Planctomycetales","Rubinisphaeraceae","uncultured"
"Otu01888",16,"Bacteria","Firmicutes","Clostridia","Lachnospirales","Lachnospiraceae","Tuzzerella"
"Otu01889",16,"Bacteria","Actinobacteriota","Coriobacteriia","Coriobacteriales","Eggerthellaceae","Eggerthella"
"Otu01890",16,"Bacteria","Firmicutes","Clostridia","Lachnospirales","Lachnospiraceae","Lachnospiraceae_unclassified"
"Otu01891",16,"Bacteria","Actinobacteriota","Actinobacteria","Frankiales","Geodermatophilaceae","Modestobacter"
"Otu01892",16,"Bacteria","Firmicutes","Clostridia","Clostridiales","Clostridiaceae","Clostridiaceae_unclassified"
"Otu01893",16,"Bacteria","Firmicutes","Clostridia","Oscillospirales","Oscillospirales_unclassified","Oscillospirales_unclassified"
"Otu01894",16,"Bacteria","Actinobacteriota","Actinobacteria","Propionibacteriales","Nocardioidaceae","Nocardioides"
"Otu01895",16,"Bacteria","FCPU426","FCPU426_cl","FCPU426_or","FCPU426_fa","FCPU426_ge"
"Otu01896",16,"Bacteria","Firmicutes","Bacilli","Erysipelotrichales","Erysipelatoclostridiaceae","Erysipelatoclostridium"
"Otu01897",16,"Bacteria","Firmicutes","Clostridia","Lachnospirales","Lachnospiraceae","Lachnospiraceae_unclassified"
"Otu01898",16,"Bacteria","Bacteroidota","Bacteroidia","Flavobacteriales","Flavobacteriaceae","Flavobacterium"
"Otu01899",16,"Bacteria","Firmicutes","Clostridia","Clostridia_unclassified","Clostridia_unclassified","Clostridia_unclassified"
"Otu01900",16,"Bacteria","Bacteroidota","Bacteroidia","Bacteroidales","Tannerellaceae","Tannerellaceae_unclassified"
"Otu01901",16,"Bacteria","Bacteroidota","Bacteroidia","Bacteroidales","Bacteroidaceae","Bacteroides"
"Otu01902",16,"Bacteria","Proteobacteria","Gammaproteobacteria","Burkholderiales","Sutterellaceae","uncultured"
"Otu01903",16,"Bacteria","Proteobacteria","Alphaproteobacteria","Sphingomonadales","Sphingomonadaceae","Sphingomonas"
"Otu01904",16,"Bacteria","Firmicutes","Clostridia","Peptostreptococcales-Tissierellales","Peptostreptococcaceae","Peptostreptococcaceae_unclassified"
"Otu01905",16,"Bacteria","Bacteroidota","Bacteroidia","Bacteroidales","Paludibacteraceae","Paludibacter"
"Otu01906",16,"Bacteria","Proteobacteria","Gammaproteobacteria","Enterobacterales","Enterobacteriaceae","Enterobacteriaceae_unclassified"
"Otu01907",16,"Bacteria","Proteobacteria","Gammaproteobacteria","Enterobacterales","Enterobacterales_unclassified","Enterobacterales_unclassified"
"Otu01908",16,"Bacteria","Proteobacteria","Gammaproteobacteria","Burkholderiales","Burkholderiales_unclassified","Burkholderiales_unclassified"
"Otu01909",16,"Bacteria","Firmicutes","Clostridia","Clostridiales","Clostridiaceae","Clostridiaceae_unclassified"
"Otu01910",16,"Bacteria","Firmicutes","Clostridia","Oscillospirales","Ruminococcaceae","Ruminococcaceae_unclassified"
"Otu01911",16,"Bacteria","Firmicutes","Clostridia","Clostridia_unclassified","Clostridia_unclassified","Clostridia_unclassified"
"Otu01912",16,"Bacteria","Bacteria_unclassified","Bacteria_unclassified","Bacteria_unclassified","Bacteria_unclassified","Bacteria_unclassified"
"Otu01913",16,"Bacteria","Firmicutes","Clostridia","Clostridiales","Clostridiaceae","Clostridium_sensu_stricto_2"
"Otu01914",16,"Bacteria","Bacteria_unclassified","Bacteria_unclassified","Bacteria_unclassified","Bacteria_unclassified","Bacteria_unclassified"
"Otu01915",16,"Bacteria","Firmicutes","Clostridia","Peptostreptococcales-Tissierellales","Peptostreptococcaceae","Paraclostridium"
"Otu01916",16,"Bacteria","Firmicutes","Clostridia","Clostridiales","Clostridiaceae","Clostridiaceae_unclassified"
"Otu01917",16,"Bacteria","Firmicutes","Clostridia","Clostridiales","Clostridiaceae","Clostridiaceae_unclassified"
"Otu01918",16,"Bacteria","Firmicutes","Clostridia","Clostridiales","Clostridiaceae","Clostridiaceae_unclassified"
"Otu01919",16,"Bacteria","Firmicutes","Clostridia","Clostridia_unclassified","Clostridia_unclassified","Clostridia_unclassified"
"Otu01920",16,"Bacteria","Firmicutes","Firmicutes_unclassified","Firmicutes_unclassified","Firmicutes_unclassified","Firmicutes_unclassified"
"Otu01921",16,"Bacteria","Actinobacteriota","Actinobacteria","Micrococcales","Micrococcaceae","Micrococcaceae_unclassified"
"Otu01923",16,"Bacteria","Deinococcota","Deinococci","Deinococcales","Deinococcaceae","Deinococcus"
"Otu01924",16,"Bacteria","Firmicutes","Clostridia","Clostridiales","Clostridiaceae","Clostridiaceae_unclassified"
"Otu01925",16,"Bacteria","Firmicutes","Clostridia","Clostridiales","Clostridiaceae","Clostridiaceae_unclassified"
"Otu01926",16,"Bacteria","Firmicutes","Clostridia","Clostridiales","Clostridiaceae","Clostridiaceae_unclassified"
"Otu01927",16,"Bacteria","Firmicutes","Clostridia","Oscillospirales","Ruminococcaceae","Ruminococcaceae_unclassified"
"Otu01928",16,"Bacteria","Firmicutes","Clostridia","Clostridiales","Clostridiaceae","Clostridium_sensu_stricto_1"
"Otu01929",16,"Bacteria","Proteobacteria","Gammaproteobacteria","Gammaproteobacteria_unclassified","Gammaproteobacteria_unclassified","Gammaproteobacteria_unclassified"
"Otu01930",16,"Bacteria","Firmicutes","Clostridia","Clostridiales","Clostridiaceae","Clostridiaceae_unclassified"
"Otu01931",16,"Bacteria","Fibrobacterota","Fibrobacteria","Fibrobacterales","Fibrobacteraceae","uncultured"
"Otu01932",16,"Bacteria","Proteobacteria","Alphaproteobacteria","Acetobacterales","Acetobacteraceae","Rubritepida"
"Otu01933",16,"Bacteria","Firmicutes","Clostridia","Lachnospirales","Lachnospiraceae","Lachnospiraceae_unclassified"
"Otu01934",16,"Bacteria","Firmicutes","Clostridia","Oscillospirales","Ruminococcaceae","Ruminococcaceae_unclassified"
"Otu01935",16,"Bacteria","Bacteroidota","Bacteroidia","Chitinophagales","Saprospiraceae","Haliscomenobacter"
"Otu01936",16,"Bacteria","Firmicutes","Clostridia","Clostridiales","Clostridiaceae","Clostridiaceae_unclassified"
"Otu01937",16,"Bacteria","Firmicutes","Clostridia","Clostridiales","Clostridiaceae","Clostridiaceae_unclassified"
"Otu01938",16,"Bacteria","Proteobacteria","Alphaproteobacteria","Rhizobiales","Rhizobiaceae","Rhizobiaceae_unclassified"
"Otu01939",16,"Bacteria","Firmicutes","Clostridia","Peptostreptococcales-Tissierellales","Peptostreptococcaceae","Paeniclostridium"
"Otu01940",16,"Bacteria","Acidobacteriota","Acidobacteriae","Bryobacterales","Bryobacteraceae","Bryobacter"
"Otu01941",16,"Bacteria","Firmicutes","Clostridia","Peptococcales","Peptococcaceae","uncultured"
"Otu01942",16,"Bacteria","Firmicutes","Clostridia","Peptostreptococcales-Tissierellales","Peptostreptococcaceae","Peptostreptococcaceae_unclassified"
"Otu01943",16,"Bacteria","Firmicutes","Clostridia","Clostridiales","Clostridiaceae","Clostridiaceae_unclassified"
"Otu01944",16,"Bacteria","Firmicutes","Clostridia","Oscillospirales","Ruminococcaceae","Ruminococcaceae_unclassified"
"Otu01945",16,"Bacteria","Bacteroidota","Bacteroidia","Chitinophagales","Chitinophagaceae","Chitinophagaceae_unclassified"
"Otu01946",16,"Bacteria","Firmicutes","Clostridia","Clostridiales","Clostridiaceae","Clostridiaceae_unclassified"
"Otu01947",16,"Bacteria","Proteobacteria","Alphaproteobacteria","Rhizobiales","Rhizobiales_Incertae_Sedis","uncultured"
"Otu01948",16,"Bacteria","Bacteroidota","Bacteroidia","Chitinophagales","Chitinophagaceae","Chitinophagaceae_unclassified"
"Otu01949",16,"Bacteria","Bacteroidota","Bacteroidia","Sphingobacteriales","Sphingobacteriaceae","Arcticibacter"
"Otu01950",16,"Bacteria","Firmicutes","Clostridia","Clostridiales","Clostridiaceae","Clostridiaceae_unclassified"
"Otu01951",16,"Bacteria","Firmicutes","Clostridia","Oscillospirales","Oscillospirales_unclassified","Oscillospirales_unclassified"
"Otu01952",15,"Bacteria","Proteobacteria","Gammaproteobacteria","Pseudomonadales","Cellvibrionaceae","uncultured"
"Otu01953",15,"Bacteria","Firmicutes","Clostridia","Clostridia_vadinBB60_group","Clostridia_vadinBB60_group_fa","Clostridia_vadinBB60_group_ge"
"Otu01954",15,"Bacteria","Proteobacteria","Gammaproteobacteria","Burkholderiales","Chromobacteriaceae","Aquitalea"
"Otu01955",15,"Bacteria","Firmicutes","Clostridia","Clostridia_unclassified","Clostridia_unclassified","Clostridia_unclassified"
"Otu01956",15,"Bacteria","Actinobacteriota","Actinobacteria","Propionibacteriales","Nocardioidaceae","Nocardioides"
"Otu01957",15,"Bacteria","Firmicutes","Bacilli","Bacilli_unclassified","Bacilli_unclassified","Bacilli_unclassified"
"Otu01958",15,"Bacteria","Firmicutes","Clostridia","Oscillospirales","Ruminococcaceae","Paludicola"
"Otu01959",15,"Bacteria","Firmicutes","Clostridia","Peptostreptococcales-Tissierellales","Anaerovoracaceae","Anaerovoracaceae_unclassified"
"Otu01960",15,"Bacteria","Firmicutes","Clostridia","Oscillospirales","Hungateiclostridiaceae","Hungateiclostridiaceae_unclassified"
"Otu01961",15,"Bacteria","Firmicutes","Clostridia","Oscillospirales","Oscillospirales_unclassified","Oscillospirales_unclassified"
"Otu01962",15,"Bacteria","Proteobacteria","Gammaproteobacteria","Burkholderiales","Comamonadaceae","Comamonadaceae_unclassified"
"Otu01963",15,"Bacteria","Bacteroidota","Bacteroidia","Bacteroidia_unclassified","Bacteroidia_unclassified","Bacteroidia_unclassified"
"Otu01964",15,"Bacteria","Bacteria_unclassified","Bacteria_unclassified","Bacteria_unclassified","Bacteria_unclassified","Bacteria_unclassified"
"Otu01965",15,"Bacteria","Deinococcota","Deinococci","Deinococcales","Deinococcaceae","Deinococcus"
"Otu01966",15,"Bacteria","Bacteroidota","Bacteroidia","Bacteroidia_unclassified","Bacteroidia_unclassified","Bacteroidia_unclassified"
"Otu01967",15,"Bacteria","Firmicutes","Clostridia","Peptostreptococcales-Tissierellales","Anaerovoracaceae","Anaerovorax"
"Otu01969",15,"Bacteria","Bacteroidota","Bacteroidia","Bacteroidales","Bacteroidales_unclassified","Bacteroidales_unclassified"
"Otu01970",15,"Bacteria","Firmicutes","Clostridia","Clostridiales","Clostridiaceae","Clostridiaceae_unclassified"
"Otu01971",15,"Bacteria","Firmicutes","Clostridia","Lachnospirales","Lachnospiraceae","Lachnospiraceae_unclassified"
"Otu01972",15,"Bacteria","Fusobacteriota","Fusobacteriia","Fusobacteriales","Fusobacteriaceae","Fusobacterium"
"Otu01973",15,"Bacteria","Firmicutes","Clostridia","Clostridiales","Clostridiaceae","Clostridiaceae_unclassified"
"Otu01974",15,"Bacteria","Proteobacteria","Gammaproteobacteria","Burkholderiales","Comamonadaceae","Comamonadaceae_unclassified"
"Otu01975",15,"Bacteria","Bacteroidota","Bacteroidia","Chitinophagales","Chitinophagaceae","Chitinophagaceae_unclassified"
"Otu01976",15,"Bacteria","Bacteroidota","Bacteroidia","Bacteroidales","Prevotellaceae","Prevotella"
"Otu01977",15,"Bacteria","Firmicutes","Clostridia","Peptococcales","Peptococcaceae","uncultured"
"Otu01978",15,"Bacteria","Firmicutes","Clostridia","Clostridiales","Clostridiaceae","Clostridiaceae_unclassified"
"Otu01980",15,"Bacteria","Bacteroidota","Bacteroidia","Cytophagales","Hymenobacteraceae","Pontibacter"
"Otu01981",15,"Bacteria","Bacteroidota","Bacteroidia","Bacteroidales","Tannerellaceae","Parabacteroides"
"Otu01983",15,"Bacteria","Bacteria_unclassified","Bacteria_unclassified","Bacteria_unclassified","Bacteria_unclassified","Bacteria_unclassified"
"Otu01984",15,"Bacteria","Firmicutes","Bacilli","Erysipelotrichales","Erysipelatoclostridiaceae","Erysipelatoclostridium"
"Otu01985",15,"Bacteria","Bacteroidota","Bacteroidia","Flavobacteriales","Weeksellaceae","Chryseobacterium"
"Otu01986",15,"Bacteria","Firmicutes","Clostridia","Oscillospirales","Oscillospirales_unclassified","Oscillospirales_unclassified"
"Otu01987",15,"Bacteria","Firmicutes","Clostridia","Oscillospirales","Oscillospirales_unclassified","Oscillospirales_unclassified"
"Otu01988",15,"Bacteria","Firmicutes","Clostridia","Clostridiales","Clostridiaceae","Clostridiaceae_unclassified"
"Otu01989",15,"Bacteria","Firmicutes","Clostridia","Clostridiales","Clostridiaceae","Clostridiaceae_unclassified"
"Otu01990",15,"Bacteria","Firmicutes","Clostridia","Peptostreptococcales-Tissierellales","Peptostreptococcaceae","Peptostreptococcaceae_unclassified"
"Otu01992",15,"Bacteria","Firmicutes","Clostridia","Oscillospirales","Ruminococcaceae","Ruminococcaceae_unclassified"
"Otu01993",15,"Bacteria","Gemmatimonadota","Gemmatimonadetes","Gemmatimonadales","Gemmatimonadaceae","Gemmatimonadaceae_unclassified"
"Otu01994",15,"Bacteria","Firmicutes","Clostridia","Clostridiales","Clostridiaceae","Clostridiaceae_unclassified"
"Otu01995",15,"Bacteria","Firmicutes","Clostridia","Peptostreptococcales-Tissierellales","Peptostreptococcales-Tissierellales_unclassified","Peptostreptococcales-Tissierellales_unclassified"
"Otu01996",15,"Bacteria","Firmicutes","Clostridia","Lachnospirales","Lachnospiraceae","Lachnospiraceae_unclassified"
"Otu01997",15,"Bacteria","Bacteroidota","Bacteroidia","Flavobacteriales","Weeksellaceae","Bergeyella"
"Otu01998",15,"Bacteria","Firmicutes","Clostridia","Clostridia_unclassified","Clostridia_unclassified","Clostridia_unclassified"
"Otu01999",15,"Bacteria","Firmicutes","Clostridia","Christensenellales","Christensenellaceae","Christensenella"
"Otu02000",15,"Bacteria","Firmicutes","Bacilli","Lactobacillales","Lactobacillales_unclassified","Lactobacillales_unclassified"
"Otu02001",15,"Bacteria","Cyanobacteria","Cyanobacteriia","Cyanobacteriales","Nostocaceae","Tolypothrix"
"Otu02002",15,"Bacteria","Firmicutes","Clostridia","Clostridia_unclassified","Clostridia_unclassified","Clostridia_unclassified"
"Otu02003",15,"Bacteria","Firmicutes","Bacilli","Erysipelotrichales","Erysipelotrichaceae","Erysipelotrichaceae_unclassified"
"Otu02004",15,"Bacteria","Firmicutes","Clostridia","Lachnospirales","Lachnospiraceae","Lachnospiraceae_unclassified"
"Otu02005",15,"Bacteria","Firmicutes","Clostridia","Clostridiales","Clostridiaceae","Clostridiaceae_unclassified"
"Otu02006",15,"Bacteria","Firmicutes","Clostridia","uncultured","uncultured_fa","uncultured_ge"
"Otu02007",15,"Bacteria","Elusimicrobiota","Elusimicrobia","Elusimicrobiales","Elusimicrobiaceae","Elusimicrobium"
"Otu02008",15,"Bacteria","Proteobacteria","Gammaproteobacteria","Pseudomonadales","Pseudomonadaceae","Pseudomonadaceae_unclassified"
"Otu02009",15,"Bacteria","Actinobacteriota","Actinobacteria","PeM15","PeM15_fa","PeM15_ge"
"Otu02010",15,"Bacteria","Firmicutes","Clostridia","Lachnospirales","Lachnospiraceae","Lachnospiraceae_unclassified"
"Otu02011",15,"Bacteria","Firmicutes","Negativicutes","Veillonellales-Selenomonadales","Selenomonadaceae","Megamonas"
"Otu02013",15,"Bacteria","Verrucomicrobiota","Lentisphaeria","Victivallales","Victivallales_unclassified","Victivallales_unclassified"
"Otu02014",15,"Bacteria","Actinobacteriota","Actinobacteria","Micrococcales","Microbacteriaceae","Agromyces"
"Otu02015",15,"Bacteria","Bacteroidota","Bacteroidia","Bacteroidales","Bacteroidaceae","Bacteroides"
"Otu02016",15,"Bacteria","Firmicutes","Negativicutes","Veillonellales-Selenomonadales","Selenomonadaceae","Zymophilus"
"Otu02017",15,"Bacteria","Proteobacteria","Gammaproteobacteria","Gammaproteobacteria_unclassified","Gammaproteobacteria_unclassified","Gammaproteobacteria_unclassified"
"Otu02018",15,"Bacteria","Firmicutes","Clostridia","Clostridiales","Clostridiaceae","Clostridiaceae_unclassified"
"Otu02019",15,"Bacteria","Proteobacteria","Gammaproteobacteria","Burkholderiales","Burkholderiaceae","Burkholderiaceae_unclassified"
"Otu02020",15,"Bacteria","Firmicutes","Clostridia","Peptostreptococcales-Tissierellales","Peptostreptococcaceae","Peptostreptococcaceae_unclassified"
"Otu02021",15,"Bacteria","Proteobacteria","Gammaproteobacteria","Gammaproteobacteria_unclassified","Gammaproteobacteria_unclassified","Gammaproteobacteria_unclassified"
"Otu02022",15,"Bacteria","Actinobacteriota","Actinobacteria","Propionibacteriales","Nocardioidaceae","Nocardioides"
"Otu02023",15,"Bacteria","Firmicutes","Clostridia","Clostridiales","Clostridiaceae","Clostridiaceae_unclassified"
"Otu02024",15,"Bacteria","Firmicutes","Clostridia","Clostridiales","Clostridiaceae","Clostridiaceae_unclassified"
"Otu02025",14,"Bacteria","Firmicutes","Clostridia","Oscillospirales","Ruminococcaceae","Ruminococcaceae_unclassified"
"Otu02026",14,"Bacteria","Firmicutes","Clostridia","Oscillospirales","Butyricicoccaceae","UCG-009"
"Otu02027",14,"Bacteria","Proteobacteria","Alphaproteobacteria","Paracaedibacterales","Paracaedibacteraceae","uncultured"
"Otu02028",14,"Bacteria","Firmicutes","Clostridia","Clostridiales","Clostridiaceae","Clostridiaceae_unclassified"
"Otu02029",14,"Bacteria","Bacteria_unclassified","Bacteria_unclassified","Bacteria_unclassified","Bacteria_unclassified","Bacteria_unclassified"
"Otu02030",14,"Bacteria","Firmicutes","Clostridia","Lachnospirales","Lachnospiraceae","Lachnospiraceae_unclassified"
"Otu02031",14,"Bacteria","Firmicutes","Clostridia","Peptostreptococcales-Tissierellales","Anaerovoracaceae","Anaerovoracaceae_unclassified"
"Otu02032",14,"Bacteria","Firmicutes","Clostridia","Peptostreptococcales-Tissierellales","Peptostreptococcales-Tissierellales_unclassified","Peptostreptococcales-Tissierellales_unclassified"
"Otu02033",14,"Bacteria","Armatimonadota","Armatimonadia","Armatimonadales","Armatimonadales_fa","Armatimonadales_ge"
"Otu02034",14,"Bacteria","Campylobacterota","Campylobacteria","Campylobacterales","Arcobacteraceae","Arcobacter"
"Otu02035",14,"Bacteria","Firmicutes","Clostridia","Oscillospirales","Ruminococcaceae","Ruminococcaceae_unclassified"
"Otu02037",14,"Bacteria","Firmicutes","Clostridia","Oscillospirales","Oscillospirales_unclassified","Oscillospirales_unclassified"
"Otu02038",14,"Bacteria","Firmicutes","Clostridia","Clostridiales","Clostridiaceae","Clostridiaceae_unclassified"
"Otu02039",14,"Bacteria","Patescibacteria","Saccharimonadia","Saccharimonadales","Saccharimonadales_unclassified","Saccharimonadales_unclassified"
"Otu02040",14,"Bacteria","Firmicutes","Clostridia","Oscillospirales","Ruminococcaceae","Ruminococcaceae_unclassified"
"Otu02041",14,"Bacteria","Firmicutes","Clostridia","Peptostreptococcales-Tissierellales","Peptostreptococcaceae","Peptostreptococcaceae_unclassified"
"Otu02042",14,"Bacteria","Chloroflexi","Anaerolineae","Anaerolineales","Anaerolineaceae","uncultured"
"Otu02043",14,"Bacteria","Firmicutes","Clostridia","Lachnospirales","Lachnospiraceae","Lachnospiraceae_unclassified"
"Otu02045",14,"Bacteria","Actinobacteriota","Thermoleophilia","Solirubrobacterales","67-14","67-14_ge"
"Otu02046",14,"Bacteria","Bacteria_unclassified","Bacteria_unclassified","Bacteria_unclassified","Bacteria_unclassified","Bacteria_unclassified"
"Otu02047",14,"Bacteria","Firmicutes","Bacilli","Erysipelotrichales","Erysipelotrichaceae","Erysipelotrichaceae_unclassified"
"Otu02048",14,"Bacteria","Planctomycetota","Planctomycetes","Planctomycetales","uncultured","uncultured_ge"
"Otu02049",14,"Bacteria","Proteobacteria","Gammaproteobacteria","Burkholderiales","Burkholderiales_unclassified","Burkholderiales_unclassified"
"Otu02050",14,"Bacteria","Firmicutes","Firmicutes_unclassified","Firmicutes_unclassified","Firmicutes_unclassified","Firmicutes_unclassified"
"Otu02052",14,"Bacteria","Patescibacteria","Saccharimonadia","Saccharimonadales","Saccharimonadales_fa","Saccharimonadales_ge"
"Otu02053",14,"Bacteria","Proteobacteria","Gammaproteobacteria","Gammaproteobacteria_unclassified","Gammaproteobacteria_unclassified","Gammaproteobacteria_unclassified"
"Otu02055",14,"Bacteria","Bacteroidota","Bacteroidia","Cytophagales","Microscillaceae","uncultured"
"Otu02056",14,"Bacteria","Firmicutes","Clostridia","Oscillospirales","Oscillospiraceae","Oscillospiraceae_unclassified"
"Otu02057",14,"Bacteria","Firmicutes","Clostridia","Clostridiales","Clostridiaceae","Clostridiaceae_unclassified"
"Otu02058",14,"Bacteria","Firmicutes","Clostridia","Clostridiales","Clostridiaceae","Clostridiaceae_unclassified"
"Otu02059",14,"Bacteria","Proteobacteria","Gammaproteobacteria","Enterobacterales","Enterobacterales_unclassified","Enterobacterales_unclassified"
"Otu02060",14,"Bacteria","Firmicutes","Clostridia","Clostridia_unclassified","Clostridia_unclassified","Clostridia_unclassified"
"Otu02061",14,"Bacteria","Patescibacteria","Saccharimonadia","Saccharimonadales","Saccharimonadaceae","TM7x"
"Otu02062",14,"Bacteria","Patescibacteria","Parcubacteria","Parcubacteria_unclassified","Parcubacteria_unclassified","Parcubacteria_unclassified"
"Otu02063",14,"Bacteria","Myxococcota","Myxococcia","Myxococcales","Myxococcaceae","Myxococcaceae_unclassified"
"Otu02064",14,"Bacteria","Proteobacteria","Gammaproteobacteria","Burkholderiales","Burkholderiales_unclassified","Burkholderiales_unclassified"
"Otu02065",14,"Bacteria","Proteobacteria","Gammaproteobacteria","Burkholderiales","Neisseriaceae","Neisseriaceae_unclassified"
"Otu02066",14,"Bacteria","Bacteroidota","Bacteroidia","Bacteroidales","Bacteroidaceae","Bacteroides"
"Otu02067",14,"Bacteria","Bacteroidota","Bacteroidia","Bacteroidales","Bacteroidaceae","Bacteroides"
"Otu02068",14,"Bacteria","Bacteroidota","Bacteroidia","Bacteroidales","Rikenellaceae","Rikenella"
"Otu02069",14,"Bacteria","Proteobacteria","Gammaproteobacteria","Burkholderiales","Rhodocyclaceae","Rhodocyclaceae_unclassified"
"Otu02070",14,"Bacteria","Firmicutes","Clostridia","Lachnospirales","Lachnospiraceae","Lachnospiraceae_unclassified"
"Otu02071",14,"Bacteria","Firmicutes","Clostridia","Lachnospirales","Lachnospiraceae","Lachnospiraceae_unclassified"
"Otu02072",14,"Bacteria","Armatimonadota","Fimbriimonadia","Fimbriimonadales","Fimbriimonadaceae","Fimbriimonadaceae_ge"
"Otu02073",14,"Bacteria","Actinobacteriota","Coriobacteriia","Coriobacteriales","Eggerthellaceae","Eggerthellaceae_unclassified"
"Otu02074",14,"Bacteria","Firmicutes","Bacilli","Bacillales","Bacillaceae","Lentibacillus"
"Otu02075",14,"Bacteria","Firmicutes","Clostridia","Lachnospirales","Lachnospiraceae","Lachnospiraceae_unclassified"
"Otu02077",14,"Bacteria","Firmicutes","Clostridia","Oscillospirales","Ruminococcaceae","Ruminococcaceae_unclassified"
"Otu02078",14,"Bacteria","Planctomycetota","Planctomycetes","Gemmatales","Gemmataceae","Gemmataceae_unclassified"
"Otu02079",14,"Bacteria","Proteobacteria","Gammaproteobacteria","Enterobacterales","Alteromonadaceae","Rheinheimera"
"Otu02080",14,"Bacteria","Firmicutes","Clostridia","Peptostreptococcales-Tissierellales","Peptostreptococcaceae","Peptostreptococcaceae_unclassified"
"Otu02081",14,"Bacteria","Proteobacteria","Gammaproteobacteria","Gammaproteobacteria_unclassified","Gammaproteobacteria_unclassified","Gammaproteobacteria_unclassified"
"Otu02082",14,"Bacteria","Actinobacteriota","Actinobacteria","Propionibacteriales","Propionibacteriaceae","Pseudopropionibacterium"
"Otu02083",14,"Bacteria","Firmicutes","Clostridia","Clostridia_unclassified","Clostridia_unclassified","Clostridia_unclassified"
"Otu02084",14,"Bacteria","Proteobacteria","Gammaproteobacteria","Enterobacterales","Enterobacterales_unclassified","Enterobacterales_unclassified"
"Otu02085",14,"Bacteria","Bacteroidota","Bacteroidia","Chitinophagales","Chitinophagaceae","Chitinophagaceae_unclassified"
"Otu02086",14,"Bacteria","Firmicutes","Clostridia","Clostridiales","Clostridiaceae","Clostridiaceae_unclassified"
"Otu02087",14,"Bacteria","Firmicutes","Clostridia","Clostridiales","Clostridiaceae","Clostridiaceae_unclassified"
"Otu02088",14,"Bacteria","Bacteroidota","Bacteroidia","Bacteroidales","Rikenellaceae","Rikenellaceae_unclassified"
"Otu02089",14,"Bacteria","Firmicutes","Clostridia","Clostridiales","Clostridiaceae","Clostridiaceae_unclassified"
"Otu02090",14,"Bacteria","Planctomycetota","Phycisphaerae","Tepidisphaerales","Tepidisphaeraceae","Tepidisphaera"
"Otu02091",14,"Bacteria","Proteobacteria","Alphaproteobacteria","Sphingomonadales","Sphingomonadaceae","Altererythrobacter"
"Otu02092",14,"Bacteria","Actinobacteriota","Actinobacteria","Corynebacteriales","Corynebacteriaceae","Corynebacterium"
"Otu02093",14,"Bacteria","Firmicutes","Clostridia","Clostridia_unclassified","Clostridia_unclassified","Clostridia_unclassified"
"Otu02094",14,"Bacteria","Actinobacteriota","Actinobacteria","Kineosporiales","Kineosporiaceae","Kineosporia"
"Otu02095",14,"Bacteria","Firmicutes","Bacilli","Lactobacillales","Lactobacillales_unclassified","Lactobacillales_unclassified"
"Otu02096",14,"Bacteria","Proteobacteria","Gammaproteobacteria","Gammaproteobacteria_unclassified","Gammaproteobacteria_unclassified","Gammaproteobacteria_unclassified"
"Otu02097",14,"Bacteria","Proteobacteria","Alphaproteobacteria","Rickettsiales","Rickettsiaceae","Rickettsiaceae_unclassified"
"Otu02098",14,"Bacteria","Firmicutes","Clostridia","Oscillospirales","Oscillospirales_unclassified","Oscillospirales_unclassified"
"Otu02099",14,"Bacteria","Firmicutes","Clostridia","Lachnospirales","Lachnospiraceae","Lachnospiraceae_unclassified"
"Otu02100",14,"Bacteria","Firmicutes","Clostridia","Peptostreptococcales-Tissierellales","Peptostreptococcaceae","Peptostreptococcaceae_unclassified"
"Otu02101",14,"Bacteria","Firmicutes","Clostridia","Oscillospirales","Oscillospirales_unclassified","Oscillospirales_unclassified"
"Otu02103",14,"Bacteria","Firmicutes","Clostridia","Peptostreptococcales-Tissierellales","Thermotaleaceae","Crassaminicella"
"Otu02104",14,"Bacteria","Firmicutes","Clostridia","Peptostreptococcales-Tissierellales","Anaerovoracaceae","Anaerovorax"
"Otu02105",14,"Bacteria","Actinobacteriota","Coriobacteriia","Coriobacteriales","Eggerthellaceae","Eggerthella"
"Otu02106",14,"Bacteria","Proteobacteria","Gammaproteobacteria","Enterobacterales","Enterobacterales_unclassified","Enterobacterales_unclassified"
"Otu02107",14,"Bacteria","Firmicutes","Clostridia","Clostridiales","Clostridiaceae","Clostridium_sensu_stricto_12"
"Otu02108",14,"Bacteria","Firmicutes","Clostridia","Clostridiales","Clostridiaceae","Clostridiaceae_unclassified"
"Otu02109",14,"Bacteria","Proteobacteria","Gammaproteobacteria","Methylococcales","Methylomonadaceae","Methylomonas"
"Otu02110",14,"Bacteria","Firmicutes","Clostridia","Clostridiales","Clostridiaceae","Clostridiaceae_unclassified"
"Otu02111",14,"Bacteria","Firmicutes","Clostridia","Lachnospirales","Lachnospiraceae","Lachnospiraceae_unclassified"
"Otu02112",14,"Bacteria","Proteobacteria","Gammaproteobacteria","Gammaproteobacteria_unclassified","Gammaproteobacteria_unclassified","Gammaproteobacteria_unclassified"
"Otu02113",14,"Bacteria","Proteobacteria","Gammaproteobacteria","Burkholderiales","Burkholderiaceae","Burkholderia-Caballeronia-Paraburkholderia"
"Otu02114",14,"Bacteria","Firmicutes","Clostridia","Christensenellales","Christensenellaceae","Christensenellaceae_R-7_group"
"Otu02115",14,"Bacteria","Firmicutes","Clostridia","Peptostreptococcales-Tissierellales","Anaerovoracaceae","Anaerovoracaceae_unclassified"
"Otu02116",14,"Bacteria","Proteobacteria","Gammaproteobacteria","Pseudomonadales","Moraxellaceae","Fluviicoccus"
"Otu02117",14,"Bacteria","Actinobacteriota","Actinobacteria","Corynebacteriales","Nocardiaceae","Rhodococcus"
"Otu02118",13,"Bacteria","Firmicutes","Clostridia","Clostridiales","Clostridiaceae","Clostridiaceae_unclassified"
"Otu02119",13,"Bacteria","Firmicutes","Clostridia","Clostridiales","Clostridiaceae","Clostridiaceae_unclassified"
"Otu02120",13,"Bacteria","Proteobacteria","Gammaproteobacteria","Salinisphaerales","Solimonadaceae","uncultured"
"Otu02121",13,"Bacteria","Firmicutes","Bacilli","Staphylococcales","Staphylococcaceae","Salinicoccus"
"Otu02122",13,"Bacteria","Firmicutes","Clostridia","Clostridia_unclassified","Clostridia_unclassified","Clostridia_unclassified"
"Otu02123",13,"Bacteria","Firmicutes","Clostridia","Clostridiales","Clostridiaceae","Clostridiaceae_unclassified"
"Otu02124",13,"Bacteria","Firmicutes","Bacilli","Erysipelotrichales","Erysipelotrichaceae","Erysipelotrichaceae_unclassified"
"Otu02125",13,"Bacteria","Firmicutes","Clostridia","Lachnospirales","Lachnospiraceae","Lachnospiraceae_unclassified"
"Otu02126",13,"Bacteria","Firmicutes","Clostridia","Clostridiales","Clostridiaceae","Clostridiaceae_unclassified"
"Otu02128",13,"Bacteria","Firmicutes","Clostridia","Oscillospirales","Ruminococcaceae","Ruminococcaceae_unclassified"
"Otu02129",13,"Bacteria","Firmicutes","Clostridia","Lachnospirales","Lachnospiraceae","Lachnospiraceae_unclassified"
"Otu02130",13,"Bacteria","Proteobacteria","Alphaproteobacteria","Holosporales","Holosporaceae","uncultured"
"Otu02131",13,"Bacteria","Bacteroidota","Bacteroidia","Chitinophagales","Chitinophagaceae","Flavisolibacter"
"Otu02132",13,"Bacteria","Bacteroidota","Bacteroidia","Bacteroidales","Porphyromonadaceae","Porphyromonas"
"Otu02133",13,"Bacteria","Firmicutes","Clostridia","Clostridia_unclassified","Clostridia_unclassified","Clostridia_unclassified"
"Otu02134",13,"Bacteria","Actinobacteriota","Actinobacteria","Actinobacteria_unclassified","Actinobacteria_unclassified","Actinobacteria_unclassified"
"Otu02135",13,"Bacteria","Proteobacteria","Gammaproteobacteria","Burkholderiales","Chromobacteriaceae","Crenobacter"
"Otu02136",13,"Bacteria","Firmicutes","Clostridia","Oscillospirales","Oscillospirales_unclassified","Oscillospirales_unclassified"
"Otu02137",13,"Bacteria","Firmicutes","Clostridia","Oscillospirales","Oscillospirales_unclassified","Oscillospirales_unclassified"
"Otu02138",13,"Bacteria","Firmicutes","Clostridia","Peptostreptococcales-Tissierellales","Peptostreptococcales-Tissierellales_unclassified","Peptostreptococcales-Tissierellales_unclassified"
"Otu02139",13,"Bacteria","Firmicutes","Clostridia","Oscillospirales","Oscillospiraceae","Oscillospiraceae_unclassified"
"Otu02140",13,"Bacteria","Firmicutes","Clostridia","Clostridiales","Clostridiaceae","Clostridiaceae_unclassified"
"Otu02141",13,"Bacteria","Firmicutes","Clostridia","Clostridiales","Clostridiaceae","Clostridiaceae_unclassified"
"Otu02142",13,"Bacteria","Firmicutes","Clostridia","Oscillospirales","Oscillospirales_unclassified","Oscillospirales_unclassified"
"Otu02143",13,"Bacteria","Proteobacteria","Gammaproteobacteria","Burkholderiales","Comamonadaceae","Comamonadaceae_unclassified"
"Otu02144",13,"Bacteria","Proteobacteria","Alphaproteobacteria","Sphingomonadales","Sphingomonadaceae","Sphingomonadaceae_unclassified"
"Otu02145",13,"Bacteria","Firmicutes","Clostridia","Clostridiales","Clostridiaceae","Clostridiaceae_unclassified"
"Otu02146",13,"Bacteria","Firmicutes","Negativicutes","Acidaminococcales","Acidaminococcaceae","Phascolarctobacterium"
"Otu02147",13,"Bacteria","Proteobacteria","Gammaproteobacteria","Burkholderiales","Comamonadaceae","Comamonadaceae_unclassified"
"Otu02148",13,"Bacteria","Firmicutes","Clostridia","Clostridiales","Clostridiaceae","Clostridiaceae_unclassified"
"Otu02149",13,"Bacteria","Firmicutes","Clostridia","Clostridia_vadinBB60_group","Clostridia_vadinBB60_group_fa","Clostridia_vadinBB60_group_ge"
"Otu02150",13,"Bacteria","Firmicutes","Clostridia","Oscillospirales","Oscillospirales_unclassified","Oscillospirales_unclassified"
"Otu02151",13,"Bacteria","Firmicutes","Clostridia","Clostridiales","Clostridiaceae","Clostridiaceae_unclassified"
"Otu02152",13,"Bacteria","Firmicutes","Clostridia","Clostridia_unclassified","Clostridia_unclassified","Clostridia_unclassified"
"Otu02153",13,"Bacteria","Proteobacteria","Gammaproteobacteria","Burkholderiales","Oxalobacteraceae","Undibacterium"
"Otu02154",13,"Bacteria","Firmicutes","Clostridia","Peptostreptococcales-Tissierellales","Peptostreptococcales-Tissierellales_unclassified","Peptostreptococcales-Tissierellales_unclassified"
"Otu02155",13,"Bacteria","Firmicutes","Negativicutes","Veillonellales-Selenomonadales","Selenomonadaceae","Zymophilus"
"Otu02156",13,"Bacteria","Firmicutes","Clostridia","Clostridiales","Clostridiaceae","Clostridiaceae_unclassified"
"Otu02157",13,"Bacteria","Patescibacteria","ABY1","ABY1_unclassified","ABY1_unclassified","ABY1_unclassified"
"Otu02158",13,"Bacteria","Firmicutes","Clostridia","Clostridiales","Clostridiaceae","Clostridiaceae_unclassified"
"Otu02159",13,"Bacteria","Bacteroidota","Bacteroidia","Bacteroidales","Prevotellaceae","Prevotella_7"
"Otu02160",13,"Bacteria","Firmicutes","Clostridia","Clostridiales","Clostridiaceae","Clostridiaceae_unclassified"
"Otu02161",13,"Bacteria","WPS-2","WPS-2_cl","WPS-2_or","WPS-2_fa","WPS-2_ge"
"Otu02162",13,"Bacteria","Firmicutes","Bacilli","Erysipelotrichales","Erysipelotrichaceae","Erysipelotrichaceae_unclassified"
"Otu02163",13,"Bacteria","Firmicutes","Clostridia","Lachnospirales","Lachnospiraceae","Lachnospiraceae_unclassified"
"Otu02165",13,"Bacteria","Bacteroidota","Bacteroidia","Chitinophagales","Chitinophagaceae","Terrimonas"
"Otu02167",13,"Bacteria","Firmicutes","Clostridia","Lachnospirales","Lachnospiraceae","Lachnospiraceae_unclassified"
"Otu02168",13,"Bacteria","Verrucomicrobiota","Verrucomicrobiae","Opitutales","Opitutaceae","Lacunisphaera"
"Otu02169",13,"Bacteria","Proteobacteria","Gammaproteobacteria","Gammaproteobacteria_unclassified","Gammaproteobacteria_unclassified","Gammaproteobacteria_unclassified"
"Otu02170",13,"Bacteria","Bacteroidota","Bacteroidia","Chitinophagales","Chitinophagaceae","Chitinophagaceae_unclassified"
"Otu02171",13,"Bacteria","Firmicutes","Clostridia","Clostridiales","Clostridiaceae","Clostridiaceae_unclassified"
"Otu02172",13,"Bacteria","Firmicutes","Clostridia","Peptostreptococcales-Tissierellales","Peptostreptococcaceae","Peptostreptococcaceae_unclassified"
"Otu02174",13,"Bacteria","Firmicutes","Clostridia","Oscillospirales","UCG-010","UCG-010_ge"
"Otu02175",13,"Bacteria","Proteobacteria","Gammaproteobacteria","Burkholderiales","Burkholderiales_unclassified","Burkholderiales_unclassified"
"Otu02176",13,"Bacteria","Firmicutes","Clostridia","Peptostreptococcales-Tissierellales","Peptostreptococcaceae","Peptostreptococcaceae_unclassified"
"Otu02178",13,"Bacteria","Cyanobacteria","Cyanobacteriia","Pseudanabaenales","Pseudanabaenaceae","Pseudanabaena_PCC-6802"
"Otu02180",13,"Bacteria","Firmicutes","Clostridia","Clostridiales","Clostridiaceae","Clostridiaceae_unclassified"
"Otu02182",13,"Bacteria","Firmicutes","Negativicutes","Veillonellales-Selenomonadales","Selenomonadaceae","Zymophilus"
"Otu02183",13,"Bacteria","Proteobacteria","Gammaproteobacteria","Enterobacterales","Enterobacteriaceae","Enterobacteriaceae_unclassified"
"Otu02184",13,"Bacteria","Firmicutes","Negativicutes","Veillonellales-Selenomonadales","Veillonellaceae","Veillonella"
"Otu02185",13,"Bacteria","Proteobacteria","Alphaproteobacteria","Caulobacterales","Caulobacteraceae","Caulobacter"
"Otu02186",13,"Bacteria","Firmicutes","Clostridia","Clostridiales","Clostridiaceae","Clostridiaceae_unclassified"
"Otu02187",13,"Bacteria","Proteobacteria","Gammaproteobacteria","Burkholderiales","Burkholderiales_unclassified","Burkholderiales_unclassified"
"Otu02188",13,"Bacteria","Firmicutes","Clostridia","Clostridiales","Clostridiaceae","Clostridiaceae_unclassified"
"Otu02189",13,"Bacteria","Firmicutes","Clostridia","Peptostreptococcales-Tissierellales","Peptostreptococcaceae","Peptostreptococcaceae_unclassified"
"Otu02190",13,"Bacteria","Cyanobacteria","Vampirivibrionia","Gastranaerophilales","Gastranaerophilales_fa","Gastranaerophilales_ge"
"Otu02191",13,"Bacteria","Firmicutes","Clostridia","Peptostreptococcales-Tissierellales","Peptostreptococcaceae","Terrisporobacter"
"Otu02192",13,"Bacteria","Bacteroidota","Bacteroidia","Bacteroidales","Tannerellaceae","Macellibacteroides"
"Otu02193",13,"Bacteria","Firmicutes","Clostridia","Oscillospirales","Ruminococcaceae","Angelakisella"
"Otu02194",13,"Bacteria","Firmicutes","Clostridia","Clostridiales","Clostridiaceae","Clostridium_sensu_stricto_8"
"Otu02195",13,"Bacteria","Bacteroidota","Bacteroidia","Flavobacteriales","Weeksellaceae","Elizabethkingia"
"Otu02196",13,"Bacteria","Firmicutes","Clostridia","Lachnospirales","Lachnospiraceae","Lachnospiraceae_unclassified"
"Otu02197",13,"Bacteria","Verrucomicrobiota","Verrucomicrobiae","Opitutales","Opitutaceae","Opitutus"
"Otu02199",13,"Bacteria","Firmicutes","Clostridia","Clostridiales","Clostridiaceae","Clostridiaceae_unclassified"
"Otu02200",13,"Bacteria","Bacteroidota","Bacteroidia","Cytophagales","Cyclobacteriaceae","Cesiribacter"
"Otu02201",13,"Bacteria","Proteobacteria","Alphaproteobacteria","Rhodobacterales","Rhodobacteraceae","Defluviimonas"
"Otu02203",13,"Bacteria","Firmicutes","Clostridia","Clostridiales","Clostridiaceae","Clostridiaceae_unclassified"
"Otu02204",13,"Bacteria","Dependentiae","Babeliae","Babeliales","Vermiphilaceae","Vermiphilaceae_ge"
"Otu02205",13,"Bacteria","Proteobacteria","Gammaproteobacteria","Enterobacterales","Enterobacterales_unclassified","Enterobacterales_unclassified"
"Otu02206",13,"Bacteria","Firmicutes","Clostridia","Lachnospirales","Lachnospiraceae","Lachnospiraceae_unclassified"
"Otu02207",13,"Bacteria","Proteobacteria","Gammaproteobacteria","Burkholderiales","Burkholderiales_unclassified","Burkholderiales_unclassified"
"Otu02208",13,"Bacteria","Verrucomicrobiota","Verrucomicrobiae","Methylacidiphilales","Methylacidiphilaceae","uncultured"
"Otu02209",13,"Bacteria","Proteobacteria","Gammaproteobacteria","Enterobacterales","Yersiniaceae","Yersiniaceae_unclassified"
"Otu02210",13,"Bacteria","Firmicutes","Clostridia","Clostridiales","Clostridiaceae","Clostridiaceae_unclassified"
"Otu02211",13,"Bacteria","Dependentiae","Babeliae","Babeliales","Babeliales_fa","Babeliales_ge"
"Otu02212",13,"Bacteria","Firmicutes","Clostridia","Clostridiales","Clostridiaceae","Clostridiaceae_unclassified"
"Otu02213",13,"Bacteria","Firmicutes","Clostridia","Peptococcales","Peptococcaceae","Peptococcaceae_unclassified"
"Otu02214",13,"Bacteria","Firmicutes","Clostridia","Clostridiales","Clostridiaceae","Clostridiaceae_unclassified"
"Otu02215",13,"Bacteria","Firmicutes","Clostridia","Clostridiales","Clostridiaceae","Clostridiaceae_unclassified"
"Otu02216",13,"Bacteria","Firmicutes","Clostridia","Clostridiales","Clostridiaceae","Clostridiaceae_unclassified"
"Otu02217",13,"Bacteria","Firmicutes","Clostridia","Clostridia_unclassified","Clostridia_unclassified","Clostridia_unclassified"
"Otu02218",13,"Bacteria","Proteobacteria","Gammaproteobacteria","Gammaproteobacteria_unclassified","Gammaproteobacteria_unclassified","Gammaproteobacteria_unclassified"
"Otu02219",13,"Bacteria","Bacteroidota","Bacteroidia","Cytophagales","Microscillaceae","uncultured"
"Otu02220",13,"Bacteria","Firmicutes","Clostridia","Lachnospirales","Lachnospiraceae","Lachnospiraceae_unclassified"
"Otu02221",13,"Bacteria","Firmicutes","Bacilli","Bacilli_unclassified","Bacilli_unclassified","Bacilli_unclassified"
"Otu02222",13,"Bacteria","Proteobacteria","Gammaproteobacteria","Gammaproteobacteria_unclassified","Gammaproteobacteria_unclassified","Gammaproteobacteria_unclassified"
"Otu02223",13,"Bacteria","Firmicutes","Clostridia","Clostridiales","Clostridiaceae","Clostridiaceae_unclassified"
"Otu02224",13,"Bacteria","Firmicutes","Clostridia","Clostridiales","Clostridiaceae","Clostridiaceae_unclassified"
"Otu02225",13,"Bacteria","Proteobacteria","Gammaproteobacteria","Xanthomonadales","Xanthomonadaceae","Stenotrophomonas"
"Otu02226",13,"Bacteria","Bacteroidota","Bacteroidia","Sphingobacteriales","NS11-12_marine_group","NS11-12_marine_group_ge"
"Otu02227",13,"Bacteria","Firmicutes","Clostridia","Clostridiales","Clostridiaceae","Clostridiaceae_unclassified"
"Otu02228",13,"Bacteria","Firmicutes","Clostridia","Lachnospirales","Lachnospiraceae","Lachnospiraceae_unclassified"
"Otu02229",13,"Bacteria","Firmicutes","Bacilli","Erysipelotrichales","Erysipelotrichaceae","Erysipelotrichaceae_unclassified"
"Otu02230",13,"Bacteria","Deinococcota","Deinococci","Deinococcales","Deinococcaceae","Deinococcus"
"Otu02231",13,"Bacteria","Bacteroidota","Bacteroidia","Chitinophagales","Chitinophagaceae","Chitinophagaceae_unclassified"
"Otu02232",13,"Bacteria","Firmicutes","Clostridia","Oscillospirales","Oscillospiraceae","Oscillospiraceae_unclassified"
"Otu02233",12,"Bacteria","Bacteroidota","Bacteroidia","Bacteroidales","Bacteroidaceae","Bacteroides"
"Otu02235",12,"Bacteria","Actinobacteriota","Actinobacteria","Actinobacteria_unclassified","Actinobacteria_unclassified","Actinobacteria_unclassified"
"Otu02236",12,"Bacteria","Firmicutes","Clostridia","Clostridiales","Clostridiaceae","Clostridiaceae_unclassified"
"Otu02237",12,"Bacteria","Proteobacteria","Gammaproteobacteria","Gammaproteobacteria_unclassified","Gammaproteobacteria_unclassified","Gammaproteobacteria_unclassified"
"Otu02238",12,"Bacteria","Firmicutes","Clostridia","Clostridiales","Clostridiaceae","Clostridiaceae_unclassified"
"Otu02239",12,"Bacteria","Firmicutes","Clostridia","Clostridiales","Clostridiaceae","Clostridiaceae_unclassified"
"Otu02240",12,"Bacteria","Proteobacteria","Gammaproteobacteria","Gammaproteobacteria_unclassified","Gammaproteobacteria_unclassified","Gammaproteobacteria_unclassified"
"Otu02241",12,"Bacteria","Fusobacteriota","Fusobacteriia","Fusobacteriales","Fusobacteriaceae","Cetobacterium"
"Otu02242",12,"Bacteria","Fusobacteriota","Fusobacteriia","Fusobacteriales","Fusobacteriaceae","Cetobacterium"
"Otu02243",12,"Bacteria","Fusobacteriota","Fusobacteriia","Fusobacteriales","Fusobacteriaceae","Cetobacterium"
"Otu02244",12,"Bacteria","Firmicutes","Clostridia","Clostridiales","Clostridiaceae","Clostridiaceae_unclassified"
"Otu02245",12,"Bacteria","Verrucomicrobiota","Verrucomicrobiae","Chthoniobacterales","Chthoniobacteraceae","Chthoniobacter"
"Otu02246",12,"Bacteria","Firmicutes","Clostridia","Clostridiales","Clostridiaceae","Clostridiaceae_unclassified"
"Otu02247",12,"Bacteria","Firmicutes","Clostridia","Clostridiales","Clostridiaceae","Clostridiaceae_unclassified"
"Otu02248",12,"Bacteria","Firmicutes","Clostridia","Clostridiales","Clostridiaceae","Clostridiaceae_unclassified"
"Otu02249",12,"Bacteria","Firmicutes","Clostridia","Clostridiales","Clostridiaceae","Clostridiaceae_unclassified"
"Otu02250",12,"Bacteria","Firmicutes","Clostridia","Clostridiales","Clostridiaceae","Clostridiaceae_unclassified"
"Otu02251",12,"Bacteria","Firmicutes","Clostridia","Clostridiales","Clostridiaceae","Clostridiaceae_unclassified"
"Otu02252",12,"Bacteria","Chloroflexi","Chloroflexia","Chloroflexales","Chloroflexaceae","Chloroflexaceae_unclassified"
"Otu02254",12,"Bacteria","Firmicutes","Bacilli","RF39","RF39_fa","RF39_ge"
"Otu02255",12,"Bacteria","Bacteroidota","Bacteroidia","Bacteroidales","Bacteroidaceae","Bacteroides"
"Otu02257",12,"Bacteria","Bacteroidota","Bacteroidia","Bacteroidales","Tannerellaceae","Tannerellaceae_unclassified"
"Otu02258",12,"Bacteria","Bacteria_unclassified","Bacteria_unclassified","Bacteria_unclassified","Bacteria_unclassified","Bacteria_unclassified"
"Otu02259",12,"Bacteria","Proteobacteria","Gammaproteobacteria","Enterobacterales","Enterobacterales_unclassified","Enterobacterales_unclassified"
"Otu02260",12,"Bacteria","Bacteroidota","Bacteroidia","Bacteroidales","Bacteroidales_unclassified","Bacteroidales_unclassified"
"Otu02261",12,"Bacteria","Proteobacteria","Gammaproteobacteria","Enterobacterales","Enterobacteriaceae","Enterobacteriaceae_unclassified"
"Otu02262",12,"Bacteria","Firmicutes","Clostridia","Clostridiales","Clostridiaceae","Clostridiaceae_unclassified"
"Otu02263",12,"Bacteria","Proteobacteria","Gammaproteobacteria","Enterobacterales","Enterobacteriaceae","Enterobacteriaceae_unclassified"
"Otu02267",12,"Bacteria","Proteobacteria","Gammaproteobacteria","Enterobacterales","Enterobacteriaceae","Enterobacteriaceae_unclassified"
"Otu02268",12,"Bacteria","Firmicutes","Bacilli","Paenibacillales","Paenibacillaceae","Ammoniphilus"
"Otu02269",12,"Bacteria","Firmicutes","Clostridia","Lachnospirales","Lachnospiraceae","Lachnospiraceae_unclassified"
"Otu02270",12,"Bacteria","Firmicutes","Bacilli","Erysipelotrichales","Erysipelotrichaceae","Erysipelotrichaceae_unclassified"
"Otu02271",12,"Bacteria","Deinococcota","Deinococci","Deinococcales","Deinococcaceae","uncultured"
"Otu02272",12,"Bacteria","Firmicutes","Clostridia","Lachnospirales","Lachnospiraceae","Lachnospiraceae_unclassified"
"Otu02273",12,"Bacteria","Firmicutes","Negativicutes","Veillonellales-Selenomonadales","Selenomonadaceae","Zymophilus"
"Otu02274",12,"Bacteria","Firmicutes","Negativicutes","Veillonellales-Selenomonadales","Veillonellales-Selenomonadales_unclassified","Veillonellales-Selenomonadales_unclassified"
"Otu02275",12,"Bacteria","Bacteroidota","Bacteroidia","Bacteroidia_unclassified","Bacteroidia_unclassified","Bacteroidia_unclassified"
"Otu02276",12,"Bacteria","Bacteria_unclassified","Bacteria_unclassified","Bacteria_unclassified","Bacteria_unclassified","Bacteria_unclassified"
"Otu02277",12,"Bacteria","Patescibacteria","Saccharimonadia","Saccharimonadales","LWQ8","LWQ8_ge"
"Otu02278",12,"Bacteria","Chloroflexi","Chloroflexia","Thermomicrobiales","JG30-KF-CM45","JG30-KF-CM45_ge"
"Otu02279",12,"Bacteria","Proteobacteria","Gammaproteobacteria","Burkholderiales","Oxalobacteraceae","Oxalobacteraceae_unclassified"
"Otu02280",12,"Bacteria","Proteobacteria","Gammaproteobacteria","Burkholderiales","Burkholderiales_unclassified","Burkholderiales_unclassified"
"Otu02281",12,"Bacteria","Firmicutes","Bacilli","Lactobacillales","Lactobacillaceae","Lactobacillaceae_unclassified"
"Otu02282",12,"Bacteria","Firmicutes","Clostridia","Oscillospirales","Ruminococcaceae","Ruminococcaceae_unclassified"
"Otu02283",12,"Bacteria","Acidobacteriota","Vicinamibacteria","Subgroup_17","Subgroup_17_fa","Subgroup_17_ge"
"Otu02284",12,"Bacteria","Firmicutes","Bacilli","Bacilli_unclassified","Bacilli_unclassified","Bacilli_unclassified"
"Otu02285",12,"Bacteria","Firmicutes","Bacilli","Erysipelotrichales","Erysipelotrichaceae","Erysipelotrichaceae_unclassified"
"Otu02287",12,"Bacteria","Firmicutes","Clostridia","Lachnospirales","Lachnospiraceae","Epulopiscium"
"Otu02288",12,"Bacteria","Firmicutes","Clostridia","Oscillospirales","Oscillospirales_unclassified","Oscillospirales_unclassified"
"Otu02289",12,"Bacteria","Firmicutes","Clostridia","Clostridiales","Clostridiaceae","Clostridiaceae_unclassified"
"Otu02290",12,"Bacteria","Firmicutes","Clostridia","Peptostreptococcales-Tissierellales","Anaerovoracaceae","Anaerovoracaceae_unclassified"
"Otu02291",12,"Bacteria","Firmicutes","Clostridia","Lachnospirales","Lachnospiraceae","Lachnospiraceae_unclassified"
"Otu02294",12,"Bacteria","Bacteroidota","Bacteroidia","Flavobacteriales","Weeksellaceae","Chryseobacterium"
"Otu02295",12,"Bacteria","Verrucomicrobiota","Verrucomicrobiae","Pedosphaerales","Pedosphaeraceae","DEV114"
"Otu02296",12,"Bacteria","Bacteroidota","Bacteroidia","Bacteroidales","Dysgonomonadaceae","Dysgonomonas"
"Otu02297",12,"Bacteria","Firmicutes","Clostridia","Clostridiales","Clostridiaceae","Clostridium_sensu_stricto_5"
"Otu02298",12,"Bacteria","Bacteroidota","Bacteroidia","Chitinophagales","Chitinophagaceae","Chitinophagaceae_unclassified"
"Otu02299",12,"Bacteria","Proteobacteria","Gammaproteobacteria","Pseudomonadales","Pseudomonadaceae","Pseudomonas"
"Otu02300",12,"Bacteria","Proteobacteria","Gammaproteobacteria","Pseudomonadales","Moraxellaceae","Psychrobacter"
"Otu02301",12,"Bacteria","Firmicutes","Clostridia","Clostridia_unclassified","Clostridia_unclassified","Clostridia_unclassified"
"Otu02303",12,"Bacteria","Firmicutes","Clostridia","Clostridia_unclassified","Clostridia_unclassified","Clostridia_unclassified"
"Otu02304",12,"Bacteria","Firmicutes","Clostridia","Clostridiales","Clostridiaceae","Clostridiaceae_unclassified"
"Otu02305",12,"Bacteria","Firmicutes","Clostridia","Clostridia_unclassified","Clostridia_unclassified","Clostridia_unclassified"
"Otu02306",12,"Bacteria","Firmicutes","Clostridia","Clostridia_unclassified","Clostridia_unclassified","Clostridia_unclassified"
"Otu02308",12,"Bacteria","Firmicutes","Clostridia","Clostridiales","Clostridiaceae","Clostridiaceae_unclassified"
"Otu02309",12,"Bacteria","Firmicutes","Clostridia","Clostridia_unclassified","Clostridia_unclassified","Clostridia_unclassified"
"Otu02310",12,"Bacteria","Firmicutes","Clostridia","Clostridia_unclassified","Clostridia_unclassified","Clostridia_unclassified"
"Otu02311",12,"Bacteria","Proteobacteria","Gammaproteobacteria","Enterobacterales","Enterobacterales_unclassified","Enterobacterales_unclassified"
"Otu02312",12,"Bacteria","Firmicutes","Bacilli","Erysipelotrichales","Erysipelotrichaceae","Erysipelotrichaceae_unclassified"
"Otu02313",12,"Bacteria","Actinobacteriota","Coriobacteriia","Coriobacteriales","Eggerthellaceae","Eggerthella"
"Otu02314",12,"Bacteria","Actinobacteriota","Coriobacteriia","Coriobacteriales","Eggerthellaceae","Gordonibacter"
"Otu02315",12,"Bacteria","Proteobacteria","Alphaproteobacteria","Caulobacterales","Hyphomonadaceae","SWB02"
"Otu02316",12,"Bacteria","Proteobacteria","Gammaproteobacteria","Pseudomonadales","Moraxellaceae","Acinetobacter"
"Otu02317",12,"Bacteria","Actinobacteriota","Coriobacteriia","Coriobacteriales","Eggerthellaceae","Gordonibacter"
"Otu02318",12,"Bacteria","Proteobacteria","Alphaproteobacteria","Rhizobiales","A0839","A0839_ge"
"Otu02319",12,"Bacteria","Proteobacteria","Alphaproteobacteria","Rhizobiales","Rhizobiales_unclassified","Rhizobiales_unclassified"
"Otu02320",12,"Bacteria","Proteobacteria","Gammaproteobacteria","Burkholderiales","Burkholderiales_unclassified","Burkholderiales_unclassified"
"Otu02321",12,"Bacteria","Bdellovibrionota","Bdellovibrionia","Bdellovibrionales","Bdellovibrionaceae","Bdellovibrio"
"Otu02322",12,"Bacteria","Firmicutes","Clostridia","Lachnospirales","Lachnospiraceae","Lachnospiraceae_unclassified"
"Otu02323",12,"Bacteria","Proteobacteria","Alphaproteobacteria","Rhizobiales","Devosiaceae","Arsenicitalea"
"Otu02324",12,"Bacteria","Proteobacteria","Gammaproteobacteria","Xanthomonadales","Xanthomonadaceae","Lysobacter"
"Otu02325",12,"Bacteria","Firmicutes","Clostridia","Peptostreptococcales-Tissierellales","Peptostreptococcaceae","Romboutsia"
"Otu02326",12,"Bacteria","Firmicutes","Clostridia","Peptostreptococcales-Tissierellales","Peptostreptococcaceae","Peptostreptococcaceae_unclassified"
"Otu02327",12,"Bacteria","Firmicutes","Clostridia","Lachnospirales","Lachnospiraceae","Lachnospiraceae_unclassified"
"Otu02328",12,"Bacteria","Firmicutes","Clostridia","Oscillospirales","Ruminococcaceae","uncultured"
"Otu02329",12,"Bacteria","Actinobacteriota","Actinobacteria","Corynebacteriales","Nocardiaceae","Rhodococcus"
"Otu02330",12,"Bacteria","Firmicutes","Clostridia","Clostridiales","Clostridiaceae","Clostridiaceae_unclassified"
"Otu02331",12,"Bacteria","Firmicutes","Clostridia","Lachnospirales","Lachnospiraceae","Lachnospiraceae_unclassified"
"Otu02332",12,"Bacteria","Firmicutes","Clostridia","Peptostreptococcales-Tissierellales","Peptostreptococcales-Tissierellales_unclassified","Peptostreptococcales-Tissierellales_unclassified"
"Otu02333",12,"Bacteria","Firmicutes","Clostridia","Peptostreptococcales-Tissierellales","Peptostreptococcaceae","Peptostreptococcaceae_unclassified"
"Otu02335",12,"Bacteria","Firmicutes","Clostridia","Oscillospirales","Ruminococcaceae","Ruminococcaceae_unclassified"
"Otu02336",12,"Bacteria","Firmicutes","Clostridia","Peptostreptococcales-Tissierellales","Peptostreptococcaceae","Peptostreptococcaceae_unclassified"
"Otu02337",12,"Bacteria","Firmicutes","Clostridia","Clostridia_unclassified","Clostridia_unclassified","Clostridia_unclassified"
"Otu02338",12,"Bacteria","Firmicutes","Clostridia","Peptostreptococcales-Tissierellales","Peptostreptococcaceae","Peptostreptococcaceae_unclassified"
"Otu02339",12,"Bacteria","Firmicutes","Clostridia","Oscillospirales","Oscillospirales_unclassified","Oscillospirales_unclassified"
"Otu02340",12,"Bacteria","Firmicutes","Clostridia","Oscillospirales","Hungateiclostridiaceae","Hungateiclostridiaceae_unclassified"
"Otu02341",12,"Bacteria","Firmicutes","Clostridia","Peptostreptococcales-Tissierellales","Anaerovoracaceae","Anaerovoracaceae_unclassified"
"Otu02342",12,"Bacteria","Firmicutes","Clostridia","Peptostreptococcales-Tissierellales","Peptostreptococcales-Tissierellales_unclassified","Peptostreptococcales-Tissierellales_unclassified"
"Otu02343",12,"Bacteria","Firmicutes","Clostridia","Clostridiales","Clostridiaceae","Clostridiaceae_unclassified"
"Otu02344",12,"Bacteria","Firmicutes","Clostridia","Peptostreptococcales-Tissierellales","Peptostreptococcaceae","Peptostreptococcaceae_unclassified"
"Otu02345",12,"Bacteria","Firmicutes","Clostridia","Peptostreptococcales-Tissierellales","Peptostreptococcaceae","Peptostreptococcaceae_unclassified"
"Otu02346",12,"Bacteria","Firmicutes","Clostridia","Clostridiales","Clostridiaceae","Clostridiaceae_unclassified"
"Otu02347",12,"Bacteria","Firmicutes","Clostridia","Lachnospirales","Lachnospiraceae","Lachnospiraceae_unclassified"
"Otu02348",12,"Bacteria","Proteobacteria","Gammaproteobacteria","Salinisphaerales","Solimonadaceae","uncultured"
"Otu02349",12,"Bacteria","Chloroflexi","Chloroflexia","Kallotenuales","AKIW781","AKIW781_ge"
"Otu02350",12,"Bacteria","Firmicutes","Clostridia","Lachnospirales","Lachnospiraceae","Lachnospiraceae_unclassified"
"Otu02351",11,"Bacteria","Actinobacteriota","Coriobacteriia","Coriobacteriales","Eggerthellaceae","Gordonibacter"
"Otu02352",11,"Bacteria","Bacteroidota","Bacteroidia","Sphingobacteriales","env.OPS_17","env.OPS_17_ge"
"Otu02353",11,"Bacteria","Firmicutes","Clostridia","Peptostreptococcales-Tissierellales","Peptostreptococcaceae","Peptostreptococcaceae_unclassified"
"Otu02354",11,"Bacteria","Firmicutes","Clostridia","Oscillospirales","Ruminococcaceae","Ruminococcaceae_unclassified"
"Otu02355",11,"Bacteria","Proteobacteria","Alphaproteobacteria","Rhodobacterales","Rhodobacteraceae","Paracoccus"
"Otu02356",11,"Bacteria","Actinobacteriota","Coriobacteriia","Coriobacteriales","Coriobacteriales_unclassified","Coriobacteriales_unclassified"
"Otu02357",11,"Bacteria","Firmicutes","Clostridia","Clostridiales","Clostridiaceae","Clostridiaceae_unclassified"
"Otu02358",11,"Bacteria","Bacteria_unclassified","Bacteria_unclassified","Bacteria_unclassified","Bacteria_unclassified","Bacteria_unclassified"
"Otu02359",11,"Bacteria","Fusobacteriota","Fusobacteriia","Fusobacteriales","Leptotrichiaceae","Leptotrichia"
"Otu02360",11,"Bacteria","Proteobacteria","Alphaproteobacteria","Caulobacterales","Hyphomonadaceae","Hirschia"
"Otu02361",11,"Bacteria","Firmicutes","Bacilli","Paenibacillales","Paenibacillaceae","Cohnella"
"Otu02363",11,"Bacteria","Firmicutes","Clostridia","Lachnospirales","Lachnospiraceae","Epulopiscium"
"Otu02364",11,"Bacteria","Proteobacteria","Gammaproteobacteria","Burkholderiales","Rhodocyclaceae","Uliginosibacterium"
"Otu02365",11,"Bacteria","Firmicutes","Clostridia","Oscillospirales","Oscillospiraceae","Oscillospiraceae_unclassified"
"Otu02366",11,"Bacteria","Firmicutes","Clostridia","Lachnospirales","Lachnospiraceae","Lachnospiraceae_unclassified"
"Otu02368",11,"Bacteria","Proteobacteria","Gammaproteobacteria","Gammaproteobacteria_unclassified","Gammaproteobacteria_unclassified","Gammaproteobacteria_unclassified"
"Otu02369",11,"Bacteria","Proteobacteria","Alphaproteobacteria","Sphingomonadales","Sphingomonadaceae","Sphingomonas"
"Otu02370",11,"Bacteria","Proteobacteria","Gammaproteobacteria","Burkholderiales","Chromobacteriaceae","Chromobacteriaceae_unclassified"
"Otu02371",11,"Bacteria","Bacteroidota","Bacteroidia","Flavobacteriales","Weeksellaceae","Chryseobacterium"
"Otu02372",11,"Bacteria","Firmicutes","Clostridia","Oscillospirales","Ruminococcaceae","Anaerotruncus"
"Otu02373",11,"Bacteria","Proteobacteria","Alphaproteobacteria","Rhizobiales","Hyphomicrobiaceae","Hyphomicrobium"
"Otu02374",11,"Bacteria","Firmicutes","Clostridia","Clostridiales","Clostridiaceae","Clostridiaceae_unclassified"
"Otu02375",11,"Bacteria","Firmicutes","Clostridia","Clostridiales","Clostridiaceae","Clostridiaceae_unclassified"
"Otu02376",11,"Bacteria","Firmicutes","Clostridia","Peptostreptococcales-Tissierellales","Peptostreptococcales-Tissierellales_unclassified","Peptostreptococcales-Tissierellales_unclassified"
"Otu02377",11,"Bacteria","Firmicutes","Clostridia","Oscillospirales","Ruminococcaceae","Ruminococcaceae_unclassified"
"Otu02378",11,"Bacteria","Firmicutes","Clostridia","Lachnospirales","Lachnospiraceae","Lachnospiraceae_unclassified"
"Otu02379",11,"Bacteria","Proteobacteria","Alphaproteobacteria","Micavibrionales","uncultured","uncultured_ge"
"Otu02380",11,"Bacteria","Firmicutes","Clostridia","Clostridia_unclassified","Clostridia_unclassified","Clostridia_unclassified"
"Otu02381",11,"Bacteria","Firmicutes","Clostridia","Clostridia_UCG-014","Clostridia_UCG-014_fa","Clostridia_UCG-014_ge"
"Otu02382",11,"Bacteria","Firmicutes","Clostridia","Peptostreptococcales-Tissierellales","Peptostreptococcaceae","Tepidibacter"
"Otu02383",11,"Bacteria","Firmicutes","Clostridia","Clostridia_unclassified","Clostridia_unclassified","Clostridia_unclassified"
"Otu02384",11,"Bacteria","Actinobacteriota","Acidimicrobiia","Microtrichales","Ilumatobacteraceae","CL500-29_marine_group"
"Otu02385",11,"Bacteria","Firmicutes","Clostridia","Lachnospirales","Lachnospiraceae","Lachnospiraceae_unclassified"
"Otu02386",11,"Bacteria","Firmicutes","Clostridia","Lachnospirales","Lachnospiraceae","Lachnospiraceae_unclassified"
"Otu02388",11,"Bacteria","Firmicutes","Clostridia","Eubacteriales","Eubacteriaceae","Eubacteriaceae_unclassified"
"Otu02389",11,"Bacteria","Actinobacteriota","Acidimicrobiia","Microtrichales","Ilumatobacteraceae","CL500-29_marine_group"
"Otu02390",11,"Bacteria","Verrucomicrobiota","Chlamydiae","Chlamydiales","Chlamydiales_unclassified","Chlamydiales_unclassified"
"Otu02391",11,"Bacteria","Firmicutes","Clostridia","Peptostreptococcales-Tissierellales","Peptostreptococcaceae","Peptostreptococcaceae_unclassified"
"Otu02392",11,"Bacteria","Firmicutes","Clostridia","Lachnospirales","Lachnospiraceae","Lachnospiraceae_unclassified"
"Otu02393",11,"Bacteria","Firmicutes","Clostridia","Lachnospirales","Lachnospiraceae","Lachnospiraceae_unclassified"
"Otu02394",11,"Bacteria","Proteobacteria","Gammaproteobacteria","Burkholderiales","Comamonadaceae","Comamonadaceae_unclassified"
"Otu02395",11,"Bacteria","Proteobacteria","Alphaproteobacteria","Rhizobiales","Xanthobacteraceae","Rhodopseudomonas"
"Otu02396",11,"Bacteria","Proteobacteria","Alphaproteobacteria","Acetobacterales","Acetobacteraceae","Acetobacter"
"Otu02397",11,"Bacteria","Firmicutes","Clostridia","Clostridiales","Clostridiaceae","Clostridiaceae_unclassified"
"Otu02398",11,"Bacteria","Firmicutes","Clostridia","Clostridiales","Clostridiaceae","Clostridium_sensu_stricto_8"
"Otu02400",11,"Bacteria","Patescibacteria","Parcubacteria","Candidatus_Jorgensenbacteria","Candidatus_Jorgensenbacteria_fa","Candidatus_Jorgensenbacteria_ge"
"Otu02401",11,"Bacteria","Proteobacteria","Gammaproteobacteria","Gammaproteobacteria_unclassified","Gammaproteobacteria_unclassified","Gammaproteobacteria_unclassified"
"Otu02402",11,"Bacteria","Firmicutes","Clostridia","Clostridiales","Clostridiaceae","Clostridiaceae_unclassified"
"Otu02403",11,"Bacteria","Firmicutes","Clostridia","Peptostreptococcales-Tissierellales","Peptostreptococcales-Tissierellales_unclassified","Peptostreptococcales-Tissierellales_unclassified"
"Otu02404",11,"Bacteria","Bacteroidota","Bacteroidia","Bacteroidia_unclassified","Bacteroidia_unclassified","Bacteroidia_unclassified"
"Otu02405",11,"Bacteria","Firmicutes","Clostridia","Clostridiales","Clostridiaceae","Clostridiaceae_unclassified"
"Otu02406",11,"Bacteria","Verrucomicrobiota","Lentisphaeria","Victivallales","Victivallaceae","Victivallaceae_ge"
"Otu02407",11,"Bacteria","Firmicutes","Clostridia","Clostridiales","Clostridiaceae","Clostridiaceae_unclassified"
"Otu02408",11,"Bacteria","Firmicutes","Clostridia","Oscillospirales","Ruminococcaceae","Angelakisella"
"Otu02409",11,"Bacteria","Firmicutes","Clostridia","Oscillospirales","Oscillospiraceae","Oscillospiraceae_unclassified"
"Otu02410",11,"Bacteria","Firmicutes","Clostridia","Peptostreptococcales-Tissierellales","Peptostreptococcales-Tissierellales_unclassified","Peptostreptococcales-Tissierellales_unclassified"
"Otu02411",11,"Bacteria","Firmicutes","Bacilli","Erysipelotrichales","Erysipelotrichaceae","Erysipelotrichaceae_unclassified"
"Otu02412",11,"Bacteria","Firmicutes","Bacilli","Erysipelotrichales","Erysipelotrichaceae","Erysipelotrichaceae_unclassified"
"Otu02413",11,"Bacteria","Firmicutes","Clostridia","Clostridiales","Clostridiaceae","Clostridiaceae_unclassified"
"Otu02414",11,"Bacteria","Firmicutes","Clostridia","Lachnospirales","Lachnospiraceae","Lachnospiraceae_unclassified"
"Otu02415",11,"Bacteria","Firmicutes","Clostridia","Clostridiales","Clostridiaceae","Clostridiaceae_unclassified"
"Otu02416",11,"Bacteria","Actinobacteriota","Actinobacteria","Propionibacteriales","Nocardioidaceae","Actinopolymorpha"
"Otu02417",11,"Bacteria","Firmicutes","Clostridia","Clostridiales","Clostridiaceae","Clostridiaceae_unclassified"
"Otu02418",11,"Bacteria","Cyanobacteria","Cyanobacteriia","Cyanobacteriia_unclassified","Cyanobacteriia_unclassified","Cyanobacteriia_unclassified"
"Otu02419",11,"Bacteria","Actinobacteriota","Actinobacteria","Propionibacteriales","Propionibacteriaceae","Tessaracoccus"
"Otu02420",11,"Bacteria","Proteobacteria","Alphaproteobacteria","Rhodospirillales","uncultured","uncultured_ge"
"Otu02421",11,"Bacteria","Proteobacteria","Alphaproteobacteria","Rhodospirillales","Magnetospirillaceae","Magnetospirillum"
"Otu02422",11,"Bacteria","Firmicutes","Clostridia","Peptococcales","Peptococcaceae","uncultured"
"Otu02423",11,"Bacteria","Firmicutes","Clostridia","Oscillospirales","Ruminococcaceae","Ruminococcaceae_unclassified"
"Otu02425",11,"Bacteria","Firmicutes","Clostridia","Lachnospirales","Lachnospiraceae","Lachnospiraceae_unclassified"
"Otu02427",11,"Bacteria","Cyanobacteria","Cyanobacteriia","Cyanobacteriia_unclassified","Cyanobacteriia_unclassified","Cyanobacteriia_unclassified"
"Otu02428",11,"Bacteria","Firmicutes","Clostridia","Lachnospirales","Lachnospiraceae","Lachnospiraceae_unclassified"
"Otu02429",11,"Bacteria","Firmicutes","Bacilli","Lactobacillales","Enterococcaceae","Enterococcaceae_unclassified"
"Otu02430",11,"Bacteria","Firmicutes","Clostridia","Clostridiales","Clostridiaceae","Clostridiaceae_unclassified"
"Otu02431",11,"Bacteria","Firmicutes","Clostridia","Peptostreptococcales-Tissierellales","Peptostreptococcaceae","Romboutsia"
"Otu02432",11,"Bacteria","Firmicutes","Clostridia","Clostridiales","Clostridiaceae","Clostridiaceae_unclassified"
"Otu02433",11,"Bacteria","Proteobacteria","Gammaproteobacteria","Burkholderiales","Neisseriaceae","Neisseriaceae_unclassified"
"Otu02434",11,"Bacteria","Deinococcota","Deinococci","Deinococcales","Deinococcaceae","Deinococcus"
"Otu02435",11,"Bacteria","Firmicutes","Clostridia","Clostridia_vadinBB60_group","Clostridia_vadinBB60_group_fa","Clostridia_vadinBB60_group_ge"
"Otu02436",11,"Bacteria","Firmicutes","Clostridia","Clostridiales","Clostridiaceae","Clostridiaceae_unclassified"
"Otu02438",11,"Bacteria","Cyanobacteria","Cyanobacteriia","Thermosynechococcales","Thermosynechococcales_unclassified","Thermosynechococcales_unclassified"
"Otu02439",11,"Bacteria","Firmicutes","Bacilli","Bacilli_unclassified","Bacilli_unclassified","Bacilli_unclassified"
"Otu02440",11,"Bacteria","Proteobacteria","Gammaproteobacteria","Burkholderiales","Nitrosomonadaceae","IS-44"
"Otu02441",11,"Bacteria","Firmicutes","Clostridia","Oscillospirales","Oscillospirales_unclassified","Oscillospirales_unclassified"
"Otu02442",11,"Bacteria","Firmicutes","Clostridia","Peptostreptococcales-Tissierellales","Peptostreptococcaceae","Peptostreptococcaceae_unclassified"
"Otu02443",11,"Bacteria","Firmicutes","Clostridia","Clostridia_unclassified","Clostridia_unclassified","Clostridia_unclassified"
"Otu02444",11,"Bacteria","Actinobacteriota","Actinobacteria","Micrococcales","Intrasporangiaceae","Tetrasphaera"
"Otu02445",11,"Bacteria","Firmicutes","Bacilli","Thermoactinomycetales","Thermoactinomycetaceae","Thermoactinomycetaceae_unclassified"
"Otu02446",11,"Bacteria","Bacteroidota","Bacteroidia","Flavobacteriales","Flavobacteriaceae","Flavobacterium"
"Otu02447",11,"Bacteria","Proteobacteria","Proteobacteria_unclassified","Proteobacteria_unclassified","Proteobacteria_unclassified","Proteobacteria_unclassified"
"Otu02448",11,"Bacteria","Bacteria_unclassified","Bacteria_unclassified","Bacteria_unclassified","Bacteria_unclassified","Bacteria_unclassified"
"Otu02449",11,"Bacteria","Firmicutes","Negativicutes","Veillonellales-Selenomonadales","Veillonellaceae","Dialister"
"Otu02450",11,"Bacteria","Bacteroidota","Bacteroidia","Bacteroidia_unclassified","Bacteroidia_unclassified","Bacteroidia_unclassified"
"Otu02451",11,"Bacteria","Firmicutes","Clostridia","Christensenellales","Christensenellaceae","Christensenellaceae_R-7_group"
"Otu02452",11,"Bacteria","Firmicutes","Clostridia","Clostridiales","Clostridiaceae","Clostridiaceae_unclassified"
"Otu02453",11,"Bacteria","Bacteroidota","Bacteroidia","Bacteroidia_unclassified","Bacteroidia_unclassified","Bacteroidia_unclassified"
"Otu02455",11,"Bacteria","Bacteroidota","Bacteroidia","Bacteroidia_unclassified","Bacteroidia_unclassified","Bacteroidia_unclassified"
"Otu02456",11,"Bacteria","Actinobacteriota","Thermoleophilia","Solirubrobacterales","Solirubrobacteraceae","Solirubrobacteraceae_unclassified"
"Otu02457",11,"Bacteria","Firmicutes","Clostridia","Clostridiales","Clostridiaceae","Clostridiaceae_unclassified"
"Otu02458",11,"Bacteria","Proteobacteria","Gammaproteobacteria","Enterobacterales","Enterobacteriaceae","Enterobacteriaceae_unclassified"
"Otu02459",11,"Bacteria","Firmicutes","Clostridia","Clostridiales","Clostridiaceae","Clostridiaceae_unclassified"
"Otu02460",11,"Bacteria","Firmicutes","Clostridia","Clostridiales","Clostridiaceae","Clostridiaceae_unclassified"
"Otu02461",11,"Bacteria","Proteobacteria","Gammaproteobacteria","Burkholderiales","Burkholderiales_unclassified","Burkholderiales_unclassified"
"Otu02462",11,"Bacteria","Firmicutes","Clostridia","Clostridiales","Clostridiaceae","Clostridiaceae_unclassified"
"Otu02463",11,"Bacteria","Firmicutes","Clostridia","Clostridiales","Clostridiaceae","Clostridiaceae_unclassified"
"Otu02464",11,"Bacteria","Firmicutes","Clostridia","Clostridiales","Clostridiaceae","Clostridiaceae_unclassified"
"Otu02466",11,"Bacteria","Firmicutes","Clostridia","Clostridiales","Clostridiaceae","Clostridiaceae_unclassified"
"Otu02467",11,"Bacteria","Firmicutes","Clostridia","Clostridiales","Clostridiaceae","Clostridiaceae_unclassified"
"Otu02468",11,"Bacteria","Firmicutes","Clostridia","Clostridiales","Clostridiaceae","Clostridiaceae_unclassified"
"Otu02469",11,"Bacteria","Firmicutes","Firmicutes_unclassified","Firmicutes_unclassified","Firmicutes_unclassified","Firmicutes_unclassified"
"Otu02470",11,"Bacteria","Verrucomicrobiota","Verrucomicrobiae","Verrucomicrobiales","Verrucomicrobiaceae","uncultured"
"Otu02471",11,"Bacteria","Proteobacteria","Gammaproteobacteria","Enterobacterales","Enterobacterales_unclassified","Enterobacterales_unclassified"
"Otu02472",11,"Bacteria","Firmicutes","Clostridia","Clostridia_unclassified","Clostridia_unclassified","Clostridia_unclassified"
"Otu02473",11,"Bacteria","Proteobacteria","Gammaproteobacteria","Burkholderiales","Burkholderiales_unclassified","Burkholderiales_unclassified"
"Otu02474",11,"Bacteria","Bacteroidota","Bacteroidia","Bacteroidales","Bacteroidaceae","Bacteroides"
"Otu02475",11,"Bacteria","Bacteroidota","Bacteroidia","Bacteroidales","Bacteroidaceae","Bacteroides"
"Otu02476",11,"Bacteria","Proteobacteria","Gammaproteobacteria","Pseudomonadales","Pseudomonadaceae","Thiopseudomonas"
"Otu02477",11,"Bacteria","Proteobacteria","Gammaproteobacteria","Burkholderiales","Comamonadaceae","Comamonadaceae_unclassified"
"Otu02480",11,"Bacteria","Proteobacteria","Gammaproteobacteria","Enterobacterales","Enterobacteriaceae","Enterobacteriaceae_unclassified"
"Otu02481",11,"Bacteria","Proteobacteria","Gammaproteobacteria","Enterobacterales","Enterobacterales_unclassified","Enterobacterales_unclassified"
"Otu02482",11,"Bacteria","Firmicutes","Clostridia","Clostridiales","Clostridiaceae","Clostridiaceae_unclassified"
"Otu02483",11,"Bacteria","Bacteroidota","Bacteroidia","Bacteroidales","Porphyromonadaceae","Porphyromonas"
"Otu02484",11,"Bacteria","Proteobacteria","Gammaproteobacteria","Enterobacterales","Enterobacteriaceae","Enterobacteriaceae_unclassified"
"Otu02486",11,"Bacteria","Firmicutes","Clostridia","Clostridiales","Clostridiaceae","Clostridiaceae_unclassified"
